<?xml version="1.0" encoding="UTF-8"?>

<mule xmlns:salesforce="http://www.mulesoft.org/schema/mule/salesforce" xmlns:ee="http://www.mulesoft.org/schema/mule/ee/core"
	xmlns:http="http://www.mulesoft.org/schema/mule/http"
	xmlns="http://www.mulesoft.org/schema/mule/core" xmlns:doc="http://www.mulesoft.org/schema/mule/documentation" xmlns:xsi="http://www.w3.org/2001/XMLSchema-instance" xsi:schemaLocation="http://www.mulesoft.org/schema/mule/core http://www.mulesoft.org/schema/mule/core/current/mule.xsd
http://www.mulesoft.org/schema/mule/http http://www.mulesoft.org/schema/mule/http/current/mule-http.xsd
http://www.mulesoft.org/schema/mule/ee/core http://www.mulesoft.org/schema/mule/ee/core/current/mule-ee.xsd
http://www.mulesoft.org/schema/mule/salesforce http://www.mulesoft.org/schema/mule/salesforce/current/mule-salesforce.xsd">
	<flow name="getSFDCaccounts" doc:id="6bbd158b-b434-4ab8-94c5-6fe63729bed2" >
		<http:listener doc:name="GET /sfdc" doc:id="3adf6139-5176-45df-a201-e88c89bb2834" config-ref="HTTP_Listener_config" path="/sfdc" allowedMethods="GET"/>
		<salesforce:query doc:name="Account" doc:id="f5996e8d-424b-4529-9d65-f2ea57d5f090" config-ref="Salesforce_Config">
			<salesforce:salesforce-query ><![CDATA[SELECT Name, LastModifiedDate, BillingPostalCode
FROM Account
]]></salesforce:salesforce-query>
		</salesforce:query>
		<ee:transform doc:name="Transform Message" doc:id="e18af0cb-64ca-4887-a768-6589aaffe858" >
			<ee:message >
				<ee:set-payload ><![CDATA[%dw 2.0
output application/json
---
payload]]></ee:set-payload>
			</ee:message>
		</ee:transform>
	</flow>
</mule>
