<?xml version="1.0" encoding="UTF-8"?>

<mule xmlns:salesforce="http://www.mulesoft.org/schema/mule/salesforce"
	xmlns:http="http://www.mulesoft.org/schema/mule/http"
	xmlns:vm="http://www.mulesoft.org/schema/mule/vm" xmlns="http://www.mulesoft.org/schema/mule/core"
	xmlns:doc="http://www.mulesoft.org/schema/mule/documentation"
	xmlns:xsi="http://www.w3.org/2001/XMLSchema-instance" xsi:schemaLocation="
http://www.mulesoft.org/schema/mule/http http://www.mulesoft.org/schema/mule/http/current/mule-http.xsd 
http://www.mulesoft.org/schema/mule/vm http://www.mulesoft.org/schema/mule/vm/current/mule-vm.xsd http://www.mulesoft.org/schema/mule/core http://www.mulesoft.org/schema/mule/core/current/mule.xsd
http://www.mulesoft.org/schema/mule/salesforce http://www.mulesoft.org/schema/mule/salesforce/current/mule-salesforce.xsd">
	
<http:listener-config name="HTTP_Listener_config" doc:name="HTTP Listener config" doc:id="e3931401-5535-40ee-a5fe-86ee8a1db278" >
		<http:listener-connection host="0.0.0.0" port="8083" />
	</http:listener-config>
	<http:request-config name="HTTP_Request_configuration" doc:name="HTTP Request configuration" doc:id="0d18a195-aaa7-4f20-bf99-a37aa6ab5165" >
		<http:request-connection host="localhost" port="8081" />
	</http:request-config>
	<vm:config name="VM_Config" doc:name="VM Config" doc:id="f206ac86-80e9-4c94-8000-3aa789d1d7a7" >
		<vm:queues >
			<vm:queue queueName="goodbye" />
		</vm:queues>
	</vm:config>
	<salesforce:sfdc-config name="Salesforce_Config" doc:name="Salesforce Config" doc:id="61a40243-5343-4e5a-9662-fc2318451e05" >
		<salesforce:basic-connection username="villareal_ronnie-w2du@force.com" password="onnie29aONNIE29A" securityToken="rbaSHTjmCaACK2ZcwmZWbG7b" />
	</salesforce:sfdc-config>
	<configuration-properties doc:name="Configuration properties" doc:id="fd45409b-a769-4701-80c4-df378767d4fc" file="config.yaml" />
	<configuration-properties doc:name="Configuration properties" doc:id="c66b6d2b-b233-4283-a9ca-1808222089ad" file="config.yaml" />
	<configuration-properties doc:name="Configuration properties" doc:id="777d5054-f0d2-4425-9517-5c3ace5acaeb" file="config.yaml" />	
	
	
</mule>
