<?xml version="1.0" encoding="UTF-8"?>

<mule xmlns:ee="http://www.mulesoft.org/schema/mule/ee/core" xmlns:http="http://www.mulesoft.org/schema/mule/http"
	xmlns:wsc="http://www.mulesoft.org/schema/mule/wsc"
	xmlns="http://www.mulesoft.org/schema/mule/core" xmlns:doc="http://www.mulesoft.org/schema/mule/documentation" xmlns:xsi="http://www.w3.org/2001/XMLSchema-instance" xsi:schemaLocation="http://www.mulesoft.org/schema/mule/core http://www.mulesoft.org/schema/mule/core/current/mule.xsd
http://www.mulesoft.org/schema/mule/wsc http://www.mulesoft.org/schema/mule/wsc/current/mule-wsc.xsd
http://www.mulesoft.org/schema/mule/http http://www.mulesoft.org/schema/mule/http/current/mule-http.xsd
http://www.mulesoft.org/schema/mule/ee/core http://www.mulesoft.org/schema/mule/ee/core/current/mule-ee.xsd">
	<http:listener-config name="HTTP_Listener_config" doc:name="HTTP Listener config" doc:id="b9dc99ad-b450-4cea-8e31-0c450fea2660" >
		<http:listener-connection host="0.0.0.0" port="8083" />
	</http:listener-config>
	<wsc:config name="Web_Service_Consumer_Config" doc:name="Web Service Consumer Config" doc:id="811f8b8c-c177-44ef-86cb-adbc829574a0" >
		<wsc:connection wsdlLocation="http://www.dneonline.com/calculator.asmx?wsdl" service="Calculator" port="CalculatorSoap" address="http://www.dneonline.com/calculator.asmx" >
			<wsc:web-service-security actor="http://schemas.xmlsoap.org/soap/actor/next" />
		</wsc:connection>
	</wsc:config>
	<flow name="demo-24sept2019-2Flow" doc:id="1786edcb-da0d-4b2f-b9e0-b4911a36125a" >
		<http:listener doc:name="Listener" doc:id="422e105d-a952-41fd-9420-0843559184de" config-ref="HTTP_Listener_config" path="/addTwoNumbers"/>
		<set-variable value="#[attributes.queryParams.Number1]" doc:name="Set Variable" doc:id="e9138228-a8b9-4f06-95c2-0b107bd1e6bf" variableName="var1"/>
		<set-variable value="#[attributes.queryParams.Number2]" doc:name="Set Variable" doc:id="5978f450-6ac9-477a-b0ce-743e1f143e7a" variableName="var2"/>
		<ee:transform doc:name="Transform Message" doc:id="46a33d5e-a878-4851-bf4c-3ebdcf25ed93" >
			<ee:message >
				<ee:set-payload ><![CDATA[%dw 2.0
output application/xml
ns ns0 http://tempuri.org/
---
{
	ns0#Add: {
		ns0#intA: vars.var1 as Number,
		ns0#intB: vars.var2 as Number
	}
}]]></ee:set-payload>
			</ee:message>
		</ee:transform>
		<wsc:consume doc:name="Consume" doc:id="a09cc24c-6fcc-4f74-9b88-6f82c2f7f0c1" config-ref="Web_Service_Consumer_Config" operation="Add"/>
		<logger level="INFO" doc:name="Logger" doc:id="9284c32b-3698-4379-a8ad-4eea629ef5fa" message="#[payload.body.AddResponse.AddResult]"/>
	</flow>
</mule>
