<?xml version="1.0" encoding="UTF-8"?>

<mule xmlns:ee="http://www.mulesoft.org/schema/mule/ee/core" xmlns:db="http://www.mulesoft.org/schema/mule/db"
	xmlns:http="http://www.mulesoft.org/schema/mule/http"
	xmlns="http://www.mulesoft.org/schema/mule/core" xmlns:doc="http://www.mulesoft.org/schema/mule/documentation" xmlns:xsi="http://www.w3.org/2001/XMLSchema-instance" xsi:schemaLocation="http://www.mulesoft.org/schema/mule/core http://www.mulesoft.org/schema/mule/core/current/mule.xsd
http://www.mulesoft.org/schema/mule/http http://www.mulesoft.org/schema/mule/http/current/mule-http.xsd
http://www.mulesoft.org/schema/mule/db http://www.mulesoft.org/schema/mule/db/current/mule-db.xsd
http://www.mulesoft.org/schema/mule/ee/core http://www.mulesoft.org/schema/mule/ee/core/current/mule-ee.xsd">
	<http:listener-config name="HTTP_Listener_config" doc:name="HTTP Listener config" doc:id="a0a5d8bd-60ad-4587-bea6-8330c611ee38" >
		<http:listener-connection host="0.0.0.0" port="8083" />
	</http:listener-config>
	<db:config name="Database_Config" doc:name="Database Config" doc:id="25c7f12c-6776-4cc4-a52c-7b14fc1643ac" >
		<db:my-sql-connection host="localhost" port="3306" user="admin" password="admin" database="mulesoft4training" />
	</db:config>
	<flow name="demo08oct2019-2Flow" doc:id="c16d4eaf-d52e-4189-9ab3-f6f5e8a9d2bc" >
		<http:listener doc:name="/GET dbdemo1" doc:id="4ca2733e-4832-4474-8828-f1f9c06b2ead" config-ref="HTTP_Listener_config" path="/dbdemo1"/>
		<db:select doc:name="Select" doc:id="80b87318-dc11-4698-b6ea-9988d54545a5" config-ref="Database_Config">
			<db:sql ><![CDATA[SELECT * FROM TestTable;]]></db:sql>
		</db:select>
		<ee:transform doc:name="Transform Message" doc:id="1db7ca0b-55df-4ac1-b3ec-432c22e7d332" >
			<ee:message >
				<ee:set-payload ><![CDATA[%dw 2.0
output application/json
---
payload]]></ee:set-payload>
			</ee:message>
		</ee:transform>
	</flow>
</mule>
