<?xml version="1.0" encoding="UTF-8"?>

<mule xmlns:ee="http://www.mulesoft.org/schema/mule/ee/core" xmlns:wsc="http://www.mulesoft.org/schema/mule/wsc"
	xmlns:american-flights-api="http://www.mulesoft.org/schema/mule/american-flights-api"
	xmlns:http="http://www.mulesoft.org/schema/mule/http" xmlns="http://www.mulesoft.org/schema/mule/core" xmlns:doc="http://www.mulesoft.org/schema/mule/documentation" xmlns:xsi="http://www.w3.org/2001/XMLSchema-instance" xsi:schemaLocation="http://www.mulesoft.org/schema/mule/core http://www.mulesoft.org/schema/mule/core/current/mule.xsd
http://www.mulesoft.org/schema/mule/http http://www.mulesoft.org/schema/mule/http/current/mule-http.xsd
http://www.mulesoft.org/schema/mule/american-flights-api http://www.mulesoft.org/schema/mule/american-flights-api/current/mule-american-flights-api.xsd
http://www.mulesoft.org/schema/mule/wsc http://www.mulesoft.org/schema/mule/wsc/current/mule-wsc.xsd
http://www.mulesoft.org/schema/mule/ee/core http://www.mulesoft.org/schema/mule/ee/core/current/mule-ee.xsd">
	<configuration-properties doc:name="Configuration properties" doc:id="670ce270-fe68-48b2-a50f-b86b57137d0e" file="config.yaml" />
	<american-flights-api:config name="American_Flights_API_Config" doc:name="American Flights API Config" doc:id="eaf19160-580c-4d09-8663-1ea2f0ea079a" property_host="${american.host}" property_port="${american.port}" property_protocol="${american.protocol}" property_basePath="/${american.basepath}" />
	<http:listener-config name="HTTP_Listener_config" doc:name="HTTP Listener config" doc:id="8b8ef1cd-d274-47a7-9b44-e0d15c00e829" >
		<http:listener-connection host="0.0.0.0" port="8083" />
	</http:listener-config>
	<http:request-config name="HTTP_Request_configuration" doc:name="HTTP Request configuration" doc:id="c83add65-8ecb-4da9-8637-9658e62ad664" basePath="${united.basepath}">
		<http:request-connection protocol="${united.protocol}" host="${united.host}" port="${united.port}" />
	</http:request-config>
	<wsc:config name="Web_Service_Consumer_Config" doc:name="Web Service Consumer Config" doc:id="161550c3-3c32-4e61-b80f-489f3fc42645" doc:description="test">
		<wsc:connection wsdlLocation="${delta.wsdl}" service="TicketServiceService" port="TicketServicePort" address="http://ilt.learn.mulesoft.com/delta" >
			<wsc:web-service-security actor="http://schemas.xmlsoap.org/soap/actor/next" />
		</wsc:connection>
	</wsc:config>
	<configuration doc:name="Configuration" doc:id="401e98bd-538d-45bb-90fe-d4fcd09825f2" defaultErrorHandler-ref="globalError_Handler" />
	<error-handler name="globalError_Handler" doc:id="2b26639a-ccb6-4a4b-aeff-579e0666fec3" >
		<on-error-propagate enableNotifications="true" logException="true" doc:name="On Error Propagate" doc:id="c455d0c6-f8e6-4cb4-bf71-477fe36be512" type="WSC:CONNECTIVITY">
			<ee:transform doc:name="Data unavailable" doc:id="0a5d9fe9-3df0-46a5-b24a-8713c0b021f7" >
				<ee:message >
					<ee:set-payload ><![CDATA[%dw 2.0
output application/json
---
{
	message: "Data unavailable. Try again later. " ++ error.description as String
}


]]></ee:set-payload>
				</ee:message>
			</ee:transform>
		</on-error-propagate>
		<on-error-propagate enableNotifications="true" logException="true" doc:name="On Error Propagate" doc:id="f87e7b7a-7997-4111-b643-960f1e453663" type="ANY">
			<ee:transform doc:name="error.description" doc:id="1742d065-ed33-4dea-b5ae-e6d91babb1a2" >
				<ee:message >
					<ee:set-payload ><![CDATA[%dw 2.0
output application/json
---
{
	message: error.description
}]]></ee:set-payload>
				</ee:message>
			</ee:transform>
		</on-error-propagate>
	</error-handler>
</mule>
