<?xml version="1.0" encoding="UTF-8"?>

<mule xmlns:validation="http://www.mulesoft.org/schema/mule/validation" xmlns:wsc="http://www.mulesoft.org/schema/mule/wsc"
	xmlns:ee="http://www.mulesoft.org/schema/mule/ee/core"
	xmlns:american-flights-api="http://www.mulesoft.org/schema/mule/american-flights-api" xmlns:http="http://www.mulesoft.org/schema/mule/http" xmlns="http://www.mulesoft.org/schema/mule/core" xmlns:doc="http://www.mulesoft.org/schema/mule/documentation" xmlns:xsi="http://www.w3.org/2001/XMLSchema-instance" xsi:schemaLocation="http://www.mulesoft.org/schema/mule/core http://www.mulesoft.org/schema/mule/core/current/mule.xsd
http://www.mulesoft.org/schema/mule/http http://www.mulesoft.org/schema/mule/http/current/mule-http.xsd
http://www.mulesoft.org/schema/mule/american-flights-api http://www.mulesoft.org/schema/mule/american-flights-api/current/mule-american-flights-api.xsd
http://www.mulesoft.org/schema/mule/ee/core http://www.mulesoft.org/schema/mule/ee/core/current/mule-ee.xsd
http://www.mulesoft.org/schema/mule/wsc http://www.mulesoft.org/schema/mule/wsc/current/mule-wsc.xsd
http://www.mulesoft.org/schema/mule/validation http://www.mulesoft.org/schema/mule/validation/current/mule-validation.xsd">
	<flow name="getFlights" doc:id="891b2e9f-7cab-4c91-8d92-e46d301f4483" >
		<set-variable value='#[attributes.queryParams.code default "SFO"]' doc:name="code" doc:id="f0cfab3b-dbac-4fe1-a83a-400a8bebda19" variableName="code" />
		<set-variable value="#[attributes.queryParams.airline]" doc:name="airline" doc:id="2bfc8193-b63d-4521-9b39-73ffdfbaaf62" variableName="airline"/>
		<choice doc:name="Choice" doc:id="cb23c826-cb13-44c5-abd2-f4d324c4fbf1" >
			<when expression='#[vars.airline == "american"]'>
				<flow-ref doc:name="getAmericanFlights" doc:id="3f13e5c8-5090-4a72-aa14-29ce94b5736f" name="getAmericanFlights"/>
			</when>
			<when expression='#[vars.airline == "united"]'>
				<flow-ref doc:name="getUnitedFlights" doc:id="89893adc-b4b6-42eb-a0d6-311e55c98dc1" name="getUnitedFlights"/>
			</when>
			<when expression='#[vars.airline == "delta"]'>
				<flow-ref doc:name="getDeltaFlights" doc:id="cc2cdb6d-6fb9-4be1-9f4a-16a356223ce7" name="getDeltaFlights"/>
			</when>
			<otherwise>
				<flow-ref doc:name="getAllAirlineFlightsFlow" doc:id="bc169008-7758-4a02-9bef-6dab7d49b702" name="getAllAirlineFlightsFlow" />
			</otherwise>
		</choice>
		<logger level="INFO" doc:name="Logger" doc:id="bdf165b1-bc1f-46f5-bead-752980050e22" />
		<error-handler >
			<on-error-propagate enableNotifications="true" logException="true" doc:name="On Error Propagate" doc:id="56f0d23e-ad66-4eaa-ba45-2f38ba45b96e" type="AMERICAN-FLIGHTS-API:BAD_REQUEST">
				<ee:transform doc:name="No flights" doc:id="953b96e8-69de-48f3-96cb-5cf60cecf044" >
					<ee:message >
						<ee:set-payload ><![CDATA[%dw 2.0
output application/json
---
{
	message: "No flights to " ++ vars.code as String
}

]]></ee:set-payload>
					</ee:message>
				</ee:transform>
				<set-variable value="200" doc:name="httpStatus = 200" doc:id="0dc2399b-7899-4ff9-9119-b316159e80ad" variableName="httpStatus"/>
			</on-error-propagate>
		</error-handler>
	</flow>
	<flow name="getAllAirlineFlightsFlow" doc:id="79031ce0-8359-49f5-ac2d-c16cfcec7b52">
		<scatter-gather doc:name="Scatter-Gather" doc:id="548cb954-9b74-4fc8-998c-9297906c01ce" >
			<route>
				<try doc:name="Try" doc:id="235456d7-4337-4816-a3ba-36c6b4ebab4e" >
					<flow-ref doc:name="getAmericanFlights" doc:id="4717a92e-e4d6-4988-b1e7-faa03e2e19df" name="getAmericanFlights" targetValue='#[payload.queryParams.code default "SFO"]' />
					<error-handler >
						<on-error-continue enableNotifications="true" logException="true" doc:name="On Error Continue" doc:id="fdac1c9d-cdd1-45ea-adb6-06c9dc29f965" >
							<ee:transform doc:name="[]" doc:id="fff84acc-aa26-4b2e-821c-a66791407b82" >
								<ee:message >
									<ee:set-payload ><![CDATA[%dw 2.0
output application/java
---
{
}]]></ee:set-payload>
								</ee:message>
							</ee:transform>
						</on-error-continue>
					</error-handler>
				</try>
			</route>
			<route>
				<try doc:name="Try" doc:id="82094682-b7fd-44f5-99b4-1e1bdb5aa177" >
					<flow-ref doc:name="getUnitedFlights" doc:id="09b80f5f-b4bc-4516-9e92-d122ad0cbdc1" name="getUnitedFlights" />
					<error-handler >
						<on-error-continue enableNotifications="true" logException="true" doc:name="On Error Continue" doc:id="c810120e-8840-41b1-8fbd-b954bf2387d2" >
							<ee:transform doc:name="[]" doc:id="8301319b-59e0-4316-8034-1cfeb87feced" >
								<ee:message >
									<ee:set-payload ><![CDATA[%dw 2.0
output application/java
---
{
}]]></ee:set-payload>
								</ee:message>
							</ee:transform>
						</on-error-continue>
					</error-handler>
				</try>
			</route>
			<route>
				<try doc:name="Try" doc:id="d2838c3e-1175-425a-8571-ed2d90fce68e" >
					<flow-ref doc:name="getDeltaFlights" doc:id="31212084-4d69-4cd8-b19b-68c6e8900184" name="getDeltaFlights" />
					<error-handler >
						<on-error-continue enableNotifications="true" logException="true" doc:name="On Error Continue" doc:id="237e59c5-6d5d-4244-841a-8c5b349895ab" >
							<ee:transform doc:name="[]" doc:id="67ea032e-f097-470d-ac33-fdf12152eea3" >
								<ee:message >
									<ee:set-payload ><![CDATA[%dw 2.0
output application/java
---
{
}]]></ee:set-payload>
								</ee:message>
							</ee:transform>
						</on-error-continue>
					</error-handler>
				</try>
			</route>
		</scatter-gather>
		<ee:transform doc:name="Flatten [Flights]" doc:id="ded816a0-e3e8-479d-a073-d0609b091d41" >
			<ee:message >
				<ee:set-payload ><![CDATA[%dw 2.0
output application/json
---
flatten(payload..payload)
]]></ee:set-payload>
			</ee:message>
		</ee:transform>
		<logger level="INFO" doc:name="Logger" doc:id="ff2f6038-777d-4090-9b60-44080991e4c9" />
	</flow>
	<flow name="getAmericanFlights" doc:id="d66ec20c-78a9-4148-a4bf-4612ea599c13" >
		<american-flights-api:get-flights doc:name="Get flights" doc:id="2fc78f33-88ee-4cf2-a427-4d4efa6c610a" config-ref="American_Flights_API_Config" client-id="${american.client_id}" client-secret="${american.client_secret}" destination="#[vars.code]"/>
		<ee:transform doc:name="American to [Flight]" doc:id="14fd82a5-a148-4177-a8b0-1fe34202f6f9" >
			<ee:message >
				<ee:set-payload ><![CDATA[%dw 2.0
output application/json
---
payload map ( payload01 , indexOfPayload01 ) -> {
	airlineName: "American",
	availableSeats: payload01.emptySeats,
	departureDate: payload01.departureDate,
	destination: payload01.destination,
	flightCode: payload01.code,
	origination: payload01.origin,
	planeType: payload01.plane."type",
	price: payload01.price
} as Object {
	class : "com.mulesoft.training.Flight"
}
]]></ee:set-payload>
			</ee:message>
		</ee:transform>
		<logger level="INFO" doc:name="Logger" doc:id="e7829d8a-8605-4888-8d71-2a3f2d4f261f" />
	</flow>
	<flow name="getUnitedFlights" doc:id="4b7d1f13-d96a-44e6-bc83-573d48dd257c" >
		<http:request method="GET" doc:name="Get flights" doc:id="4bd981bf-ac7f-48ed-aee1-28a08d3f3426" config-ref="HTTP_Request_configuration" path="/united/flights/{dest}">
			<http:uri-params ><![CDATA[#[output application/java
---
{
	"dest" : vars.code
}]]]></http:uri-params>
		</http:request>
		<ee:transform doc:name="Delta to [Flight]" doc:id="3a714a57-4750-4d4f-a420-fb19d305b6d8" >
			<ee:message >
				<ee:set-payload ><![CDATA[%dw 2.0
output application/json
---
payload.flights map ( flight , indexOfFlight ) -> {
	airlineName: flight.airlineName,
	availableSeats: flight.emptySeats,
	departureDate: flight.departureDate,
	destination: flight.destination,
	flightCode: flight.code,
	origination: flight.origin,
	planeType: flight.planeType,
	price: flight.price
} as Object {
	class : "com.mulesoft.training.Flight"
}]]></ee:set-payload>
			</ee:message>
		</ee:transform>
		<logger level="INFO" doc:name="Logger" doc:id="7d93ffa8-e0f5-474b-9710-18e170eb9ec8" />
	</flow>
	<flow name="getDeltaFlights" doc:id="b5cdf3e0-d6be-4a3c-9297-ffeedc118a08" >
		<wsc:consume operation="findFlight" doc:name="Get fligths" doc:id="9e752615-7902-4625-ac96-869be3e29efa" config-ref="Web_Service_Consumer_Config">
			<wsc:message >
				<wsc:body ><![CDATA[#[output application/xml
ns ns0 http://soap.training.mulesoft.com/
---
{
	ns0#findFlight: {
		destination: vars.code
	}
}]]]></wsc:body>
			</wsc:message>
		</wsc:consume>
		<ee:transform doc:name="Transform Message" doc:id="d1cd11c9-c92a-4a00-aa27-11b3b62887c5" >
			<ee:message >
				<ee:set-payload ><![CDATA[%dw 2.0
output application/json
ns ns0 http://soap.training.mulesoft.com/
---
payload.body.ns0#findFlightResponse.*return map ( return , indexOfReturn ) -> {
	airlineName: return.airlineName,
	availableSeats: return.emptySeats,
	departureDate: return.departureDate,
	destination: return.destination,
	flightCode: return.code,
	origination: return.origin,
	planeType: return.planeType,
	price: return.price
} as Object {
	class : "com.mulesoft.training.Flight"
}
]]></ee:set-payload>
			</ee:message>
		</ee:transform>
		<logger level="INFO" doc:name="Logger" doc:id="05bd82d6-613a-4f21-9142-842a8a821c7c" />
	</flow>
	<flow name="postFlight" doc:id="88fc677a-7f6f-43db-ba30-8d4ba4a641c7" >
		<ee:transform doc:name="Transform Message" doc:id="745d46d6-9636-44ad-83de-eb3171a4f605" >
			<ee:message >
				<ee:set-payload ><![CDATA[%dw 2.0
output application/xml
---
{
	data: {
		hub: "MUA",
		flight @(airline: payload.airline): {
		code: payload.toAirportCode,
		}
	}
}]]></ee:set-payload>
			</ee:message>
			<ee:variables >
				<ee:set-variable resource="test.dwl" variableName="test.dwl" />
			</ee:variables>
		</ee:transform>
	</flow>
	<flow name="postFlights" doc:id="5483ef20-1756-4b55-96b7-f71f9e906383" >
		<ee:transform doc:name="Transform Message" doc:id="74adfd44-0d62-46ee-94f7-a9b6aad7fec0" >
			<ee:message >
				<ee:set-payload ><![CDATA[%dw 2.0
output application/json
---
  flights: {(object, index)-> {
    flight: object
    }
)}


]]></ee:set-payload>
			</ee:message>
			<ee:variables >
				<ee:set-variable resource="test.dwl" variableName="test.dwl" />
			</ee:variables>
		</ee:transform>
	</flow>
	<flow name="postXMLFlights" doc:id="36b73b55-94e2-4387-b0e3-ca72678132ad" >
		<ee:transform doc:name="Transform Message" doc:id="1c5a3f11-2642-4b8b-9a23-a571d33de0f1" >
			<ee:message >
				<ee:set-payload ><![CDATA[%dw 2.0
import dasherize from dw::core::Strings

output application/json

type Currency = String {format: "###.00"}
type Flight = Object {class: "com.mulesoft.training.Flight"}

//var numSeats = (planeType)-> 
//	if (planeType contains('737'))
//		150
//	else
//		300

fun getNumSeats(planeType) = 
	if (planeType contains('737'))
		150
	else
		300
---
flights: (payload..*return map (object, index)-> {
	destination: object.destination,
	price: object.price as Number as Currency as Number, 
	//totalSeats: getNumSeats(object.planeType),
	planeType: dasherize(replace(object.planeType,"Boing") with "Boeing"),
	departureDate: object.departureDate as Date {format: "yyyy/MM/dd"} 
		as String {format: "MMMM dd, yyyy"},
	availableSeats: object.emptySeats as Number
} as Flight) filter ($.availableSeats>0)
			 orderBy $.departureDate
			 orderBy $.price
			 groupBy $.destination		

]]></ee:set-payload>
			</ee:message>
			<ee:variables >
				<ee:set-variable resource="test.dwl" variableName="test.dwl" />
			</ee:variables>
		</ee:transform>
	</flow>
</mule>
