<?xml version="1.0" encoding="UTF-8"?>

<mule xmlns:http="http://www.mulesoft.org/schema/mule/http" xmlns="http://www.mulesoft.org/schema/mule/core"
	xmlns:doc="http://www.mulesoft.org/schema/mule/documentation"
	xmlns:xsi="http://www.w3.org/2001/XMLSchema-instance" xsi:schemaLocation="http://www.mulesoft.org/schema/mule/core http://www.mulesoft.org/schema/mule/core/current/mule.xsd
http://www.mulesoft.org/schema/mule/http http://www.mulesoft.org/schema/mule/http/current/mule-http.xsd">
	<http:listener-config name="HTTP_Listener_config" doc:name="HTTP Listener config" doc:id="33c56bb5-2e65-4a7d-b3d4-52dec181aa83" >
		<http:listener-connection host="0.0.0.0" port="8083" />
	</http:listener-config>
	<flow name="GetFLow" doc:id="f479d0de-caf4-43f5-8445-91f822442079" >
		<http:listener doc:name="/Get hello" doc:id="5643cb82-f0c1-4634-a353-a2f57170daa0" config-ref="HTTP_Listener_config" path="/hello" allowedMethods="GET"/>
		<logger level="INFO" doc:name="Logger" doc:id="9aabc7ce-5eec-4dcf-b292-5aebcc0758fd" message="** GET flow invoked ***"/>
		<set-payload value='{"message":"hello"}' doc:name="Set Payload" doc:id="18198e86-9b2c-461a-bb29-0bba47968ebc" />
	</flow>
</mule>
