<?xml version="1.0" encoding="UTF-8"?>

<mule xmlns:vm="http://www.mulesoft.org/schema/mule/vm" xmlns:http="http://www.mulesoft.org/schema/mule/http"
	xmlns="http://www.mulesoft.org/schema/mule/core"
	xmlns:doc="http://www.mulesoft.org/schema/mule/documentation" xmlns:xsi="http://www.w3.org/2001/XMLSchema-instance" xsi:schemaLocation="http://www.mulesoft.org/schema/mule/core http://www.mulesoft.org/schema/mule/core/current/mule.xsd
http://www.mulesoft.org/schema/mule/http http://www.mulesoft.org/schema/mule/http/current/mule-http.xsd
http://www.mulesoft.org/schema/mule/vm http://www.mulesoft.org/schema/mule/vm/current/mule-vm.xsd">
	<http:listener-config name="HTTP_Listener_config" doc:name="HTTP Listener config" doc:id="f95f846c-85d8-4ee4-9675-f38eb47a6f4e" >
		<http:listener-connection host="0.0.0.0" port="8083" />
	</http:listener-config>
	<vm:config name="VM_Config" doc:name="VM Config" doc:id="51971fb8-da63-43b8-8352-f1b36172e665" >
		<vm:queues >
			<vm:queue queueName="CustomerQueue" />
		</vm:queues>
	</vm:config>
	<flow name="publishFlow" doc:id="a6ad5cce-dff7-4ef8-9137-2b47ead875c3" >
		<http:listener doc:name="/POST customer" doc:id="7a4e3d8d-2234-416c-9297-b457c65cace2" path="/customer" allowedMethods="POST" config-ref="HTTP_Listener_config"/>
		<logger level="INFO" doc:name="Logger" doc:id="cbc28c83-0ebb-4a7c-8915-3a09c8a47691" message="Before Publish"/>
		<vm:publish doc:name="Publish" doc:id="a35f59a6-24a0-47c5-95f1-cfe95413b506" config-ref="VM_Config" queueName="CustomerQueue"/>
		<logger level="INFO" doc:name="Logger" doc:id="2a9d75e2-bfc6-49e3-a49c-77789b39309a" message="After Publish"/>
	</flow>
	<flow name="SubscribeFlow" doc:id="e570818e-5b2d-40ff-bd5b-a34fa51daa32" >
		<vm:listener queueName="CustomerQueue" doc:name="Listener" doc:id="79754a79-8dc1-4218-a39f-e29b9ef3176a" config-ref="VM_Config"/>
		<logger level="INFO" doc:name="Logger" doc:id="3b6b60d8-360d-4ea8-8d31-294fa412006b" message="#[payload]"/>
	</flow>
</mule>
