<?xml version="1.0" encoding="UTF-8"?>

<mule xmlns:http="http://www.mulesoft.org/schema/mule/http" xmlns="http://www.mulesoft.org/schema/mule/core"
	xmlns:doc="http://www.mulesoft.org/schema/mule/documentation"
	xmlns:xsi="http://www.w3.org/2001/XMLSchema-instance" xsi:schemaLocation="http://www.mulesoft.org/schema/mule/core http://www.mulesoft.org/schema/mule/core/current/mule.xsd
http://www.mulesoft.org/schema/mule/http http://www.mulesoft.org/schema/mule/http/current/mule-http.xsd">
	<http:listener-config name="HTTP_Listener_config" doc:name="HTTP Listener config" doc:id="30dde409-b499-408b-8602-08179445d21a" >
		<http:listener-connection host="0.0.0.0" port="8083" />
	</http:listener-config>
	<flow name="ErrorhandlingDemoFlow" doc:id="bf0f2588-ac0d-4efb-a2c3-2d021e971927" >
		<http:listener doc:name="/GET hello" doc:id="c9ea513d-6d96-4f2c-be7c-4bfc2908fd3f" config-ref="HTTP_Listener_config" path="/hello" allowedMethods="GET"/>
		<logger level="INFO" doc:name="Logger" doc:id="93c61b7d-c3f7-4528-8078-403c9b8e90a7" message="Logger before raise error"/>
		<raise-error doc:name="Raise error" doc:id="06da2c7b-67c5-4bdb-b9bb-c4484ca710ae" type="MULE:VALIDATION" description="Validation error"/>
		<logger level="INFO" doc:name="Logger" doc:id="6b16e661-5c01-439b-ad9a-910156c1606e" message="Main flow logger"/>
		<error-handler>
			<on-error-continue enableNotifications="true" logException="true" doc:name="On Error Continue" doc:id="d5e44c57-b061-4322-8434-66e7f53848eb" >
				<logger level="INFO" doc:name="Logger" doc:id="62019e7e-5795-460c-91d2-47046e393468" message="** Error handling --  On Error Propagate Logger1**"/>
				<logger level="INFO" doc:name="Logger" doc:id="dab971e1-7465-4e1a-ad69-a9e675d6147f" message="** Error handling --  On Error Propagate Logger2**"/>
			</on-error-continue>
		</error-handler>
	</flow>
</mule>
