<?xml version="1.0" encoding="UTF-8"?>

<mule xmlns:ee="http://www.mulesoft.org/schema/mule/ee/core" xmlns:http="http://www.mulesoft.org/schema/mule/http"
	xmlns="http://www.mulesoft.org/schema/mule/core"
	xmlns:doc="http://www.mulesoft.org/schema/mule/documentation" xmlns:xsi="http://www.w3.org/2001/XMLSchema-instance" xsi:schemaLocation="http://www.mulesoft.org/schema/mule/core http://www.mulesoft.org/schema/mule/core/current/mule.xsd
http://www.mulesoft.org/schema/mule/http http://www.mulesoft.org/schema/mule/http/current/mule-http.xsd
http://www.mulesoft.org/schema/mule/ee/core http://www.mulesoft.org/schema/mule/ee/core/current/mule-ee.xsd">
	<http:listener-config name="HTTP_Listener_config" doc:name="HTTP Listener config" doc:id="730c64ac-f45b-4c72-ac95-2661de6ae0ff" >
		<http:listener-connection host="localhost" port="8083" />
	</http:listener-config>
	<http:request-config name="HTTP_Request_configuration" doc:name="HTTP Request configuration" doc:id="49d08f30-be87-4c4e-882a-a421b4e51fa3" >
		<http:request-connection host="localhost" port="8083" />
	</http:request-config>
	<flow name="helloFlow" doc:id="2c30e5a9-8767-4a71-83c3-335a1ba54c34" >
		<http:listener doc:name="GET /goodbye" doc:id="92404ffa-ebe1-4f89-9472-303df0eeeaea" path="/goodbye" allowedMethods="GET" config-ref="HTTP_Listener_config">
			<ee:repeatable-file-store-stream inMemorySize="1024" />
		</http:listener>
		<set-payload value="Goodbye" doc:name="Goodbye" doc:id="ee466891-e23a-42cf-9e58-4270b5f658f5" />
		<http:request method="GET" doc:name="GET /goodbye" doc:id="a1541349-1e9c-4733-908a-7053321b658e" config-ref="HTTP_Request_configuration" path="/goodbye" responseTimeout="300000"/>
		<logger level="INFO" doc:name="Logger" doc:id="2bc0529e-f69f-480d-8190-01e48b309b1b" />
	</flow>
</mule>
