<?xml version="1.0" encoding="UTF-8"?>

<mule xmlns:http="http://www.mulesoft.org/schema/mule/http" xmlns="http://www.mulesoft.org/schema/mule/core"
	xmlns:doc="http://www.mulesoft.org/schema/mule/documentation"
	xmlns:xsi="http://www.w3.org/2001/XMLSchema-instance" xsi:schemaLocation="http://www.mulesoft.org/schema/mule/core http://www.mulesoft.org/schema/mule/core/current/mule.xsd
http://www.mulesoft.org/schema/mule/http http://www.mulesoft.org/schema/mule/http/current/mule-http.xsd">
	<http:listener-config name="HTTP_Listener_config" doc:name="HTTP Listener config" doc:id="8becf3bf-cd27-41ae-922f-0c0e0235c5fe" >
		<http:listener-connection host="0.0.0.0" port="8083" />
	</http:listener-config>
	<flow name="MainFlow" doc:id="c1e55adf-31c2-4618-a37e-66b204ba417e" >
		<http:listener doc:name="/GET hello" doc:id="4db5239d-b937-4219-b13b-72f0c48a5b7b" config-ref="HTTP_Listener_config" path="/hello" allowedMethods="GET"/>
		<set-variable value="10" doc:name="Set Variable" doc:id="91b1988d-13b6-486e-82be-ac3c55d858de" variableName="var1"/>
		<flow-ref doc:name="Flow Reference" doc:id="44936af0-02c2-41d0-88fa-f3e5a829094a" name="PrivateFlow"/>
		<logger level="INFO" doc:name="Logger" doc:id="930fd9b9-43e8-4c03-a8e5-402691bd4004" message="#[vars.va1]"/>
	</flow>
	<flow name="PrivateFlow" doc:id="12ecefc9-ce6e-49b2-89df-9922757a0662" >
		<logger level="INFO" doc:name="Logger" doc:id="012b3c5b-2321-4e4f-898b-375364b0d2ed" message="** Private Flow invoked ***"/>
		<set-variable value="30" doc:name="Set Variable" doc:id="123e8fd3-3b44-454e-a5c3-6b4e3f96820c" variableName="var1"/>
	</flow>
	<sub-flow name="SubFlow" doc:id="0190130f-b66c-4a03-b1da-2897f2f1b131" >
		<logger level="INFO" doc:name="Logger" doc:id="a86002a1-c0f2-4240-b371-6e6311fa67e1" message="** subflow get invoked ***"/>
		<set-variable value="20" doc:name="Set Variable" doc:id="3bd55d60-908c-4ecf-ad9b-1222edce6022" variableName="var1"/>
	</sub-flow>
</mule>
