<?xml version="1.0" encoding="UTF-8"?>

<mule xmlns:ee="http://www.mulesoft.org/schema/mule/ee/core" xmlns:http="http://www.mulesoft.org/schema/mule/http"
	xmlns="http://www.mulesoft.org/schema/mule/core"
	xmlns:doc="http://www.mulesoft.org/schema/mule/documentation" xmlns:xsi="http://www.w3.org/2001/XMLSchema-instance" xsi:schemaLocation="http://www.mulesoft.org/schema/mule/core http://www.mulesoft.org/schema/mule/core/current/mule.xsd
http://www.mulesoft.org/schema/mule/http http://www.mulesoft.org/schema/mule/http/current/mule-http.xsd
http://www.mulesoft.org/schema/mule/ee/core http://www.mulesoft.org/schema/mule/ee/core/current/mule-ee.xsd">
	<http:listener-config name="HTTP_Listener_config1" doc:name="HTTP Listener config" doc:id="c81f56bd-b931-4abd-8a3f-e285425a96b8" >
		<http:listener-connection host="0.0.0.0" port="8083" />
	</http:listener-config>
	<flow name="getSFDCaccounts" doc:id="76b0e1e2-4e61-48a0-8b40-def70791f71e" >
		<http:listener doc:name="GET /sfdc" doc:id="74338675-ef71-4257-9757-aaacccc96d99" config-ref="HTTP_Listener_config1" path="/sfdc"/>
		<ee:transform doc:name="Transform Message" doc:id="59afdf63-677d-4f86-8e75-e6127f857d83" >
			<ee:message >
				<ee:set-payload ><![CDATA[%dw 2.0
output application/json
---
payload]]></ee:set-payload>
			</ee:message>
		</ee:transform>
	</flow>
</mule>
