<?xml version="1.0" encoding="UTF-8"?>

<mule xmlns:http="http://www.mulesoft.org/schema/mule/http" xmlns="http://www.mulesoft.org/schema/mule/core"
	xmlns:doc="http://www.mulesoft.org/schema/mule/documentation"
	xmlns:xsi="http://www.w3.org/2001/XMLSchema-instance" xsi:schemaLocation="http://www.mulesoft.org/schema/mule/core http://www.mulesoft.org/schema/mule/core/current/mule.xsd
http://www.mulesoft.org/schema/mule/http http://www.mulesoft.org/schema/mule/http/current/mule-http.xsd">
	<http:listener-config name="HTTP_Listener_config" doc:name="HTTP Listener config" doc:id="1040dcf6-6730-4bf7-bd87-c19956c973ac" >
		<http:listener-connection host="0.0.0.0" port="8083" />
	</http:listener-config>
	<flow name="ScatterGatherFlow" doc:id="e1e2d5d7-258f-4563-962c-a34b6c0508fa" >
		<http:listener doc:name="/GET demo" doc:id="df181a12-069e-42d0-b7e8-21d47424d623" config-ref="HTTP_Listener_config" path="/demo" allowedMethods="GET"/>
		<set-payload value='{"message":"payload before scatther gather"}' doc:name="Set Payload" doc:id="5a76f1b1-83e2-4514-84ad-0049adac004a" />
		<logger level="INFO" doc:name="Logger" doc:id="5c7d0c53-84e2-4e19-89a6-1c30670fbe11" message="Before Scatter Gather"/>
		<scatter-gather doc:name="Scatter-Gather" doc:id="b97a86fa-064e-443f-a71e-3cfb2e568eb1" >
			<route >
				<logger level="INFO" doc:name="Logger" doc:id="9d31d491-a8b1-4c5f-8298-e78812be6a3a" message="Logger1.1"/>
				<logger level="INFO" doc:name="Logger" doc:id="2d0f8431-fea8-4cf5-a54b-64c8f1ea0eea" message="Logger1.2"/>
				<set-payload value='{"message":"payload inside scatter gather flow1"}' doc:name="Set Payload" doc:id="0f622c6a-aa03-4664-9b86-d1f3914c6630" />
			</route>
			<route >
				<logger level="INFO" doc:name="Logger" doc:id="bf37707c-5db2-4327-86fe-35bc4a532838" message="Logger2.1"/>
				<logger level="INFO" doc:name="Logger" doc:id="598c94de-6c69-4192-9586-4d6c0778eacc" message="Logger2.2"/>
				<set-payload value='{"message":"payload inside scatter gather flow2"}' doc:name="Set Payload" doc:id="22cb827f-b661-4cf8-aedb-e42d815ea473" />
			</route>
		</scatter-gather>
		<logger level="INFO" doc:name="Logger" doc:id="7bf37cf0-3ec7-4c89-a2aa-a53a7c4523ec" message="Outside scatter gather"/>
	</flow>
</mule>
