<?xml version="1.0" encoding="UTF-8"?>

<mule xmlns:wsc="http://www.mulesoft.org/schema/mule/wsc" xmlns:american-flights-api="http://www.mulesoft.org/schema/mule/american-flights-api"
	xmlns:http="http://www.mulesoft.org/schema/mule/http"
	xmlns="http://www.mulesoft.org/schema/mule/core" xmlns:doc="http://www.mulesoft.org/schema/mule/documentation" xmlns:xsi="http://www.w3.org/2001/XMLSchema-instance" xsi:schemaLocation="http://www.mulesoft.org/schema/mule/core http://www.mulesoft.org/schema/mule/core/current/mule.xsd
http://www.mulesoft.org/schema/mule/http http://www.mulesoft.org/schema/mule/http/current/mule-http.xsd
http://www.mulesoft.org/schema/mule/american-flights-api http://www.mulesoft.org/schema/mule/american-flights-api/current/mule-american-flights-api.xsd
http://www.mulesoft.org/schema/mule/wsc http://www.mulesoft.org/schema/mule/wsc/current/mule-wsc.xsd">
	<configuration-properties doc:name="Configuration properties" doc:id="18b72b4a-0ce2-49cb-880b-cb60d2debce7" file="config.yaml" />
	<http:listener-config name="HTTP_Listener_config" doc:name="HTTP Listener config" doc:id="224808e0-039d-485d-b233-751d19aa4966" >
		<http:listener-connection host="0.0.0.0" port="${http.port}" />
	</http:listener-config>
	<american-flights-api:config name="American_Flights_API_Config" doc:name="American Flights API Config" doc:id="0f70734f-657b-4fe1-8ffc-86a2a962612a" property_host="${american.host}" property_port="${american.port}" property_protocol="${american.protocol}" property_basePath="${american.basepath}" />
	<http:request-config name="HTTP_Request_config_training" doc:name="HTTP Request configuration" doc:id="f7fb365c-f9be-4276-ab0d-e934ddc2ef79" basePath="${training.basepath}" >
		<http:request-connection host="${training.host}" port="${training.port}" />
	</http:request-config>
	<wsc:config name="Delta_Web_Service_Consumer_Config" doc:name="Web Service Consumer Config" doc:id="ad5d80a5-5b85-4cdd-aad6-1be3af716f09" >
		<wsc:connection wsdlLocation="${delta.wsdl}" service="${delta.service}" port="${delta.port}" >
			<wsc:web-service-security actor="http://schemas.xmlsoap.org/soap/actor/next" />
		</wsc:connection>
	</wsc:config>
</mule>
