<?xml version="1.0" encoding="UTF-8"?>

<mule xmlns:ee="http://www.mulesoft.org/schema/mule/ee/core" xmlns:wsc="http://www.mulesoft.org/schema/mule/wsc"
	xmlns:american-flights-api="http://www.mulesoft.org/schema/mule/american-flights-api"
	xmlns:http="http://www.mulesoft.org/schema/mule/http" xmlns="http://www.mulesoft.org/schema/mule/core" xmlns:doc="http://www.mulesoft.org/schema/mule/documentation" xmlns:xsi="http://www.w3.org/2001/XMLSchema-instance" xsi:schemaLocation="http://www.mulesoft.org/schema/mule/core http://www.mulesoft.org/schema/mule/core/current/mule.xsd
http://www.mulesoft.org/schema/mule/http http://www.mulesoft.org/schema/mule/http/current/mule-http.xsd
http://www.mulesoft.org/schema/mule/american-flights-api http://www.mulesoft.org/schema/mule/american-flights-api/current/mule-american-flights-api.xsd
http://www.mulesoft.org/schema/mule/wsc http://www.mulesoft.org/schema/mule/wsc/current/mule-wsc.xsd
http://www.mulesoft.org/schema/mule/ee/core http://www.mulesoft.org/schema/mule/ee/core/current/mule-ee.xsd">
	<sub-flow name="setCode" doc:id="9700dbde-18fd-48ca-9cd7-763ca079ea51" >
		<set-variable value="#[message.attributes.queryParams.code default 'SFO']" doc:name="code" doc:id="82200fbe-d74e-44c9-bd83-93c9cb05131d" variableName="code"/>
	</sub-flow>
	<flow name="getAmericanFlights" doc:id="c8c04d59-bf2c-4216-9a08-f46e15385318" >
		<http:listener doc:name="GET /american" doc:id="9134202f-8d0f-4e7f-8a0c-2442154e1603" config-ref="HTTP_Listener_config" path="/american" allowedMethods="GET"/>
		<flow-ref doc:name="setCode" doc:id="b93be454-7739-43af-ae2d-0b7f41fd7ad7" name="setCode"/>
		<american-flights-api:get-flights doc:name="Get flights" doc:id="ace27f49-6aa1-4da3-9045-0e1a39dcb4ee" config-ref="American_Flights_API_Config" client-id="${american.client_id}" client-secret="${american.client_secret}" destination="#[vars.code]"/>
		<ee:transform doc:name="Transform Message" doc:id="66aa2908-d1e9-431b-9f52-e001b0a2c3c0" >
			<ee:message >
				<ee:set-payload ><![CDATA[%dw 2.0
output application/java
---
payload map ( payload01 , indexOfPayload01 ) -> {
	airlineName: "American",
	availableSeats: payload01.emptySeats,
	departureDate: payload01.departureDate,
	destination: payload01.destination,
	flightCode: payload01.code,
	origination: payload01.origin,
	planeType: payload01.plane."type",
	price: payload01.price
} as Object {
	class : "com.mulesoft.training.Flight"
}]]></ee:set-payload>
			</ee:message>
		</ee:transform>
		<logger level="INFO" doc:name="Logger" doc:id="c491486f-f5cb-41f7-8a8e-2061a385eaee" />
	
</flow>
	<flow name="getUnitedFlights" doc:id="f89731e6-ea03-4d69-a66c-df99584e7c08" >
		<http:listener doc:name="GET /united" doc:id="f331134b-91f8-4c18-8b98-7d5a8ecd4c5b" config-ref="HTTP_Listener_config" path="/united" allowedMethods="GET"/>
		<flow-ref doc:name="setCode" doc:id="ea1ec2ef-f67a-42b6-bb13-12f62fc0bf12" name="setCode"/>
		<http:request method="GET" doc:name="Get flights" doc:id="6135087b-4436-4323-bc54-825ba0ff6e90" config-ref="HTTP_Request_config_training" path="/united/flights/{dest}">
			<http:uri-params ><![CDATA[#[output application/java
---
{
	"dest" : vars.code
}]]]></http:uri-params>
		</http:request>
		<ee:transform doc:name="Transform Message" doc:id="714ae310-2950-42e7-bd75-22bc95863a4c" >
			<ee:message >
				<ee:set-payload ><![CDATA[%dw 2.0
output application/java
---
payload.flights map ( flight , indexOfFlight ) -> {
	    airlineName: flight.airlineName,
	    availableSeats: flight.emptySeats,
        departureDate: flight.departureDate,
        destination: flight.destination,
	    flightCode: flight.code,
        origination: flight.origin,
        planeType: flight.planeType,
        price: flight.price
}
as Object {
	class : "com.mulesoft.training.Flight"
}]]></ee:set-payload>
			</ee:message>
		</ee:transform>
		<logger level="INFO" doc:name="Logger" doc:id="cbc79e51-1128-48f6-8324-8da83c53dbcb" />
	
</flow>
	<flow name="getDeltaFlights" doc:id="a6a025c2-8857-45e8-a21a-ecc73c2c2bd0" >
		<http:listener doc:name="GET /delta" doc:id="952bb5a2-fa9d-478e-9f2e-c5f094a71865" config-ref="HTTP_Listener_config" path="/delta" allowedMethods="GET"/>
		<flow-ref doc:name="setCode" doc:id="642d154e-8fd0-4c73-8a9d-1d83e066b5d6" name="setCode"/>
		<ee:transform doc:name="Pass code" doc:id="e37914e7-3dd7-4b1c-9b7d-b8f5379484bf" >
			<ee:message >
				<ee:set-payload ><![CDATA[%dw 2.0
output application/xml
ns ns0 http://soap.training.mulesoft.com/
---
{
	ns0#findFlight: {
		destination: vars.code
	}
}]]></ee:set-payload>
			</ee:message>
		</ee:transform>
		<wsc:consume operation="findFlight" doc:name="Get flights" doc:id="7501a8ee-0704-46af-88a4-97fbdbb1ee3b" config-ref="Delta_Web_Service_Consumer_Config"/>
		<ee:transform doc:name="SOAP to JSON" doc:id="276e7370-61a8-45bc-b332-104ce4429f56" >
			<ee:message >
				<ee:set-payload ><![CDATA[%dw 2.0
ns ns0 http://soap.training.mulesoft.com/
output application/json
---
payload.body.ns0#findFlightResponse.*return map ( return , indexOfFlight ) -> {
	    airlineName: return.airlineName,
	    availableSeats: return.emptySeats,
        departureDate: return.departureDate,
        destination: return.destination,
	    flightCode: return.code,
        origination: return.origin,
        planeType: return.planeType,
        price: return.price
}
as Object {
	class : "com.mulesoft.training.Flight"
}]]></ee:set-payload>
			</ee:message>
		</ee:transform>
		<logger level="INFO" doc:name="Logger" doc:id="8d376257-db4b-422b-86e3-ac5bad52df0a" />
	
</flow>

</mule>
