<?xml version="1.0" encoding="UTF-8"?>

<mule xmlns:http="http://www.mulesoft.org/schema/mule/http" xmlns="http://www.mulesoft.org/schema/mule/core"
	xmlns:doc="http://www.mulesoft.org/schema/mule/documentation"
	xmlns:xsi="http://www.w3.org/2001/XMLSchema-instance" xsi:schemaLocation="http://www.mulesoft.org/schema/mule/core http://www.mulesoft.org/schema/mule/core/current/mule.xsd
http://www.mulesoft.org/schema/mule/http http://www.mulesoft.org/schema/mule/http/current/mule-http.xsd">
	<http:listener-config name="HTTP_Listener_config" doc:name="HTTP Listener config" doc:id="d379780c-e82a-42f7-a8f5-31433dd7a71d" >
		<http:listener-connection host="0.0.0.0" port="8083" />
	</http:listener-config>
	<http:request-config name="HTTP_Request_configuration" doc:name="HTTP Request configuration" doc:id="7ff04f99-599b-4835-8682-48505747d370" >
		<http:request-connection host="dummy.restapiexample.com" />
	</http:request-config>
	<flow name="RetrieveEmployeeDetails" doc:id="318a34a0-bc72-414a-88d8-754669e20252" >
		<http:listener doc:name="/GET employee" doc:id="d354bd20-1e99-4fe4-be95-9b2b13f870db" config-ref="HTTP_Listener_config" path="/employee" allowedMethods="GET"/>
		<http:request method="GET" doc:name="Invoke Employee WS" doc:id="cb7613c5-90a6-465b-926f-8e2890a8bde3" config-ref="HTTP_Request_configuration" path="/api/v1/employees"/>
		<logger level="INFO" doc:name="Logger" doc:id="3c4fde59-ee83-4926-8f69-8d44c8174e04" message="** Retrieve Employee details WS has been invoked **"/>
	</flow>
</mule>
