<?xml version='1.0' encoding='UTF-8'?>
<types:mule xmlns:types="http://www.mulesoft.org/schema/mule/types">
  <types:catalog>
    <types:type name="Flight" format="java">
      <types:shape format="java" element="com.mulesoft.training.Flight"/>
    </types:type>
    <types:type name="united_flights_json" format="json">
      <types:shape format="weave" example="examples/united-flights-example.json"><![CDATA[%dw 2.0

type united_flights_json = {|
  flights: Array<{|    airlineName: String,     price: Number {"typeId": "double"},     departureDate: String,     planeType: String,     origin: String,     code: String,     emptySeats: Number {"typeId": "int"},     destination: String  |}>
|} {"example": "{\\\"flights\\\":[{\\\"airlineName\\\":\\\"United\\\",\\\"price\\\":400.00,\\\"departureDate\\\":\\\"2015\\/03\\/20\\\",\\\"planeType\\\":\\\"Boeing 737\\\",\\\"origin\\\":\\\"MUA\\\",\\\"code\\\":\\\"ER38sd\\\",\\\"emptySeats\\\":0,\\\"destination\\\":\\\"SFO\\\"},{\\\"airlineName\\\":\\\"United\\\",\\\"price\\\":345.99,\\\"departureDate\\\":\\\"2015\\/02\\/11\\\",\\\"planeType\\\":\\\"Boeing 737\\\",\\\"origin\\\":\\\"MUA\\\",\\\"code\\\":\\\"ER45if\\\",\\\"emptySeats\\\":52,\\\"destination\\\":\\\"LAX\\\"},{\\\"airlineName\\\":\\\"United\\\",\\\"price\\\":346.00,\\\"departureDate\\\":\\\"2015\\/04\\/11\\\",\\\"planeType\\\":\\\"Boeing 777\\\",\\\"origin\\\":\\\"MUA\\\",\\\"code\\\":\\\"ER45jd\\\",\\\"emptySeats\\\":12,\\\"destination\\\":\\\"LAX\\\"},{\\\"airlineName\\\":\\\"United\\\",\\\"price\\\":423.00,\\\"departureDate\\\":\\\"2015\\/06\\/11\\\",\\\"planeType\\\":\\\"Boeing 707\\\",\\\"origin\\\":\\\"MUA\\\",\\\"code\\\":\\\"ER0945\\\",\\\"emptySeats\\\":0,\\\"destination\\\":\\\"LAX\\\"},{\\\"airlineName\\\":\\\"United\\\",\\\"price\\\":845.00,\\\"departureDate\\\":\\\"2015\\/07\\/11\\\",\\\"planeType\\\":\\\"Boeing 727\\\",\\\"origin\\\":\\\"MUA\\\",\\\"code\\\":\\\"ER9fje\\\",\\\"emptySeats\\\":32,\\\"destination\\\":\\\"CLE\\\"},{\\\"airlineName\\\":\\\"United\\\",\\\"price\\\":245.00,\\\"departureDate\\\":\\\"2015\\/08\\/11\\\",\\\"planeType\\\":\\\"Boeing 747\\\",\\\"origin\\\":\\\"MUA\\\",\\\"code\\\":\\\"ER3kfd\\\",\\\"emptySeats\\\":13,\\\"destination\\\":\\\"CLE\\\"},{\\\"airlineName\\\":\\\"United\\\",\\\"price\\\":945.00,\\\"departureDate\\\":\\\"2015\\/09\\/11\\\",\\\"planeType\\\":\\\"Boeing 757\\\",\\\"origin\\\":\\\"MUA\\\",\\\"code\\\":\\\"ER39rk\\\",\\\"emptySeats\\\":54,\\\"destination\\\":\\\"SFO\\\"},{\\\"airlineName\\\":\\\"United\\\",\\\"price\\\":954.00,\\\"departureDate\\\":\\\"2015\\/02\\/12\\\",\\\"planeType\\\":\\\"Boeing 777\\\",\\\"origin\\\":\\\"MUA\\\",\\\"code\\\":\\\"ER39rj\\\",\\\"emptySeats\\\":23,\\\"destination\\\":\\\"SFO\\\"},{\\\"airlineName\\\":\\\"United\\\",\\\"price\\\":234.00,\\\"departureDate\\\":\\\"2015\\/02\\/12\\\",\\\"planeType\\\":\\\"Boeing 787\\\",\\\"origin\\\":\\\"MUA\\\",\\\"code\\\":\\\"ER95jf\\\",\\\"emptySeats\\\":23,\\\"destination\\\":\\\"PDF\\\"},{\\\"airlineName\\\":\\\"United\\\",\\\"price\\\":853.00,\\\"departureDate\\\":\\\"2015\\/02\\/13\\\",\\\"planeType\\\":\\\"Boeing 777\\\",\\\"origin\\\":\\\"MUA\\\",\\\"code\\\":\\\"ER49fd\\\",\\\"emptySeats\\\":0,\\\"destination\\\":\\\"PDX\\\"},{\\\"airlineName\\\":\\\"United\\\",\\\"price\\\":483.00,\\\"departureDate\\\":\\\"2015\\/02\\/20\\\",\\\"planeType\\\":\\\"Boeing 777\\\",\\\"origin\\\":\\\"MUA\\\",\\\"code\\\":\\\"ER95jf\\\",\\\"emptySeats\\\":95,\\\"destination\\\":\\\"PDX\\\"},{\\\"airlineName\\\":\\\"United\\\",\\\"price\\\":532.00,\\\"departureDate\\\":\\\"2015\\/02\\/12\\\",\\\"planeType\\\":\\\"Boeing 777\\\",\\\"origin\\\":\\\"MUA\\\",\\\"code\\\":\\\"ER04kf\\\",\\\"emptySeats\\\":30,\\\"destination\\\":\\\"PDX\\\"}]}"}

]]></types:shape>
    </types:type>
    <types:type name="auto_d66ec20c-78a9-4148-a4bf-4612ea599c13_Input-Payload" format="java">
      <types:shape format="weave" example="weave/autogenerated/d66ec20c-78a9-4148-a4bf-4612ea599c13/Input-Payload.wev" autogeneratedOrigin="3f13e5c8-5090-4a72-aa14-29ce94b5736f"><![CDATA[%dw 2.0

type auto_d66ec20c_78a9_4148_a4bf_4612ea599c13_Input_Payload = Any

]]></types:shape>
    </types:type>
    <types:type name="auto_d66ec20c-78a9-4148-a4bf-4612ea599c13_Input-Attributes" format="java">
      <types:shape format="weave" example="weave/autogenerated/d66ec20c-78a9-4148-a4bf-4612ea599c13/Input-Attributes.wev" autogeneratedOrigin="3f13e5c8-5090-4a72-aa14-29ce94b5736f"><![CDATA[%dw 2.0

type auto_d66ec20c_78a9_4148_a4bf_4612ea599c13_Input_Attributes = {|
  listenerPath: String, 
  rawRequestPath: String, 
  relativePath: String, 
  maskedRequestPath: String, 
  version: String, 
  scheme: String, 
  method: String, 
  requestUri: String, 
  rawRequestUri: String, 
  queryString: String, 
  localAddress: String, 
  remoteAddress: String, 
  clientCertificate?: java_security_cert_Certificate, 
  queryParams: { _?: String }, 
  uriParams: { _?: String }, 
  requestPath: String, 
  headers: { _?: String }
|} {"typeAlias": "HttpRequestAttributes",
"typeId": "org.mule.extension.http.api.HttpRequestAttributes"}
type java_security_cert_Certificate = {|
  encoded?: Binary, 
  publicKey?: java_security_PublicKey, 
  "type"?: String
|} {"typeAlias": "Certificate",
"typeId": "java.security.cert.Certificate"}
type java_security_PublicKey = {|  |} {"typeAlias": "PublicKey",
"typeId": "java.security.PublicKey"}





]]></types:shape>
    </types:type>
    <types:type name="auto_d66ec20c-78a9-4148-a4bf-4612ea599c13_Input-Variables-code" format="java">
      <types:shape format="raml" autogeneratedOrigin="3f13e5c8-5090-4a72-aa14-29ce94b5736f"><![CDATA[#%RAML 1.0 DataType
type: string]]></types:shape>
    </types:type>
    <types:type name="auto_d66ec20c-78a9-4148-a4bf-4612ea599c13_Input-Variables-airline" format="java">
      <types:shape format="weave" example="weave/autogenerated/d66ec20c-78a9-4148-a4bf-4612ea599c13/Input-Variables-airline.wev" autogeneratedOrigin="3f13e5c8-5090-4a72-aa14-29ce94b5736f"><![CDATA[%dw 2.0

type auto_d66ec20c_78a9_4148_a4bf_4612ea599c13_Input_Variables_airline = String | Null

]]></types:shape>
    </types:type>
    <types:type name="auto_d66ec20c-78a9-4148-a4bf-4612ea599c13_Output-Payload" format="java">
      <types:shape format="weave" example="weave/autogenerated/d66ec20c-78a9-4148-a4bf-4612ea599c13/Output-Payload.wev" autogeneratedOrigin="3f13e5c8-5090-4a72-aa14-29ce94b5736f"><![CDATA[%dw 2.0

type auto_d66ec20c_78a9_4148_a4bf_4612ea599c13_Output_Payload = Array<com_mulesoft_training_Flight>
type com_mulesoft_training_Flight = {|
  airlineName?: String, 
  availableSeats?: Number, 
  departureDate?: String, 
  destination?: String, 
  flightCode?: String, 
  origination?: String, 
  planeType?: String, 
  price?: Number
|} {"class": "com.mulesoft.training.Flight",
"typeId": "com.mulesoft.training.Flight"}



]]></types:shape>
    </types:type>
    <types:type name="auto_d66ec20c-78a9-4148-a4bf-4612ea599c13_Output-Attributes" format="java">
      <types:shape format="weave" example="weave/autogenerated/d66ec20c-78a9-4148-a4bf-4612ea599c13/Output-Attributes.wev" autogeneratedOrigin="3f13e5c8-5090-4a72-aa14-29ce94b5736f"><![CDATA[%dw 2.0

type auto_d66ec20c_78a9_4148_a4bf_4612ea599c13_Output_Attributes = Null

]]></types:shape>
    </types:type>
    <types:type name="auto_d66ec20c-78a9-4148-a4bf-4612ea599c13_Output-Variables-code" format="java">
      <types:shape format="raml" autogeneratedOrigin="3f13e5c8-5090-4a72-aa14-29ce94b5736f"><![CDATA[#%RAML 1.0 DataType
type: string]]></types:shape>
    </types:type>
    <types:type name="auto_d66ec20c-78a9-4148-a4bf-4612ea599c13_Output-Variables-airline" format="java">
      <types:shape format="weave" example="weave/autogenerated/d66ec20c-78a9-4148-a4bf-4612ea599c13/Output-Variables-airline.wev" autogeneratedOrigin="3f13e5c8-5090-4a72-aa14-29ce94b5736f"><![CDATA[%dw 2.0

type auto_d66ec20c_78a9_4148_a4bf_4612ea599c13_Output_Variables_airline = String | Null

]]></types:shape>
    </types:type>
    <types:type name="auto_4b7d1f13-d96a-44e6-bc83-573d48dd257c_Input-Payload" format="java">
      <types:shape format="weave" example="weave/autogenerated/4b7d1f13-d96a-44e6-bc83-573d48dd257c/Input-Payload.wev" autogeneratedOrigin="89893adc-b4b6-42eb-a0d6-311e55c98dc1"><![CDATA[%dw 2.0

type auto_4b7d1f13_d96a_44e6_bc83_573d48dd257c_Input_Payload = Any

]]></types:shape>
    </types:type>
    <types:type name="auto_4b7d1f13-d96a-44e6-bc83-573d48dd257c_Input-Attributes" format="java">
      <types:shape format="weave" example="weave/autogenerated/4b7d1f13-d96a-44e6-bc83-573d48dd257c/Input-Attributes.wev" autogeneratedOrigin="89893adc-b4b6-42eb-a0d6-311e55c98dc1"><![CDATA[%dw 2.0

type auto_4b7d1f13_d96a_44e6_bc83_573d48dd257c_Input_Attributes = {|
  listenerPath: String, 
  rawRequestPath: String, 
  relativePath: String, 
  maskedRequestPath: String, 
  version: String, 
  scheme: String, 
  method: String, 
  requestUri: String, 
  rawRequestUri: String, 
  queryString: String, 
  localAddress: String, 
  remoteAddress: String, 
  clientCertificate?: java_security_cert_Certificate, 
  queryParams: { _?: String }, 
  uriParams: { _?: String }, 
  requestPath: String, 
  headers: { _?: String }
|} {"typeAlias": "HttpRequestAttributes",
"typeId": "org.mule.extension.http.api.HttpRequestAttributes"}
type java_security_cert_Certificate = {|
  encoded?: Binary, 
  publicKey?: java_security_PublicKey, 
  "type"?: String
|} {"typeAlias": "Certificate",
"typeId": "java.security.cert.Certificate"}
type java_security_PublicKey = {|  |} {"typeAlias": "PublicKey",
"typeId": "java.security.PublicKey"}





]]></types:shape>
    </types:type>
    <types:type name="auto_4b7d1f13-d96a-44e6-bc83-573d48dd257c_Input-Variables-code" format="java">
      <types:shape format="raml" autogeneratedOrigin="89893adc-b4b6-42eb-a0d6-311e55c98dc1"><![CDATA[#%RAML 1.0 DataType
type: string]]></types:shape>
    </types:type>
    <types:type name="auto_4b7d1f13-d96a-44e6-bc83-573d48dd257c_Input-Variables-airline" format="java">
      <types:shape format="weave" example="weave/autogenerated/4b7d1f13-d96a-44e6-bc83-573d48dd257c/Input-Variables-airline.wev" autogeneratedOrigin="89893adc-b4b6-42eb-a0d6-311e55c98dc1"><![CDATA[%dw 2.0

type auto_4b7d1f13_d96a_44e6_bc83_573d48dd257c_Input_Variables_airline = String | Null

]]></types:shape>
    </types:type>
    <types:type name="auto_4b7d1f13-d96a-44e6-bc83-573d48dd257c_Output-Payload" format="java">
      <types:shape format="weave" example="weave/autogenerated/4b7d1f13-d96a-44e6-bc83-573d48dd257c/Output-Payload.wev" autogeneratedOrigin="89893adc-b4b6-42eb-a0d6-311e55c98dc1"><![CDATA[%dw 2.0

type auto_4b7d1f13_d96a_44e6_bc83_573d48dd257c_Output_Payload = {|
  airlineName?: String, 
  availableSeats?: Number, 
  departureDate?: String, 
  destination?: String, 
  flightCode?: String, 
  origination?: String, 
  planeType?: String, 
  price?: Number
|} {"class": "com.mulesoft.training.Flight",
"typeId": "com.mulesoft.training.Flight"}

]]></types:shape>
    </types:type>
    <types:type name="auto_4b7d1f13-d96a-44e6-bc83-573d48dd257c_Output-Attributes" format="java">
      <types:shape format="weave" example="weave/autogenerated/4b7d1f13-d96a-44e6-bc83-573d48dd257c/Output-Attributes.wev" autogeneratedOrigin="89893adc-b4b6-42eb-a0d6-311e55c98dc1"><![CDATA[%dw 2.0

type auto_4b7d1f13_d96a_44e6_bc83_573d48dd257c_Output_Attributes = {|
  statusCode: Number, 
  reasonPhrase: String, 
  headers: { _?: String }
|} {"typeAlias": "HttpResponseAttributes",
"typeId": "org.mule.extension.http.api.HttpResponseAttributes"}

]]></types:shape>
    </types:type>
    <types:type name="auto_4b7d1f13-d96a-44e6-bc83-573d48dd257c_Output-Variables-code" format="java">
      <types:shape format="raml" autogeneratedOrigin="89893adc-b4b6-42eb-a0d6-311e55c98dc1"><![CDATA[#%RAML 1.0 DataType
type: string]]></types:shape>
    </types:type>
    <types:type name="auto_4b7d1f13-d96a-44e6-bc83-573d48dd257c_Output-Variables-airline" format="java">
      <types:shape format="weave" example="weave/autogenerated/4b7d1f13-d96a-44e6-bc83-573d48dd257c/Output-Variables-airline.wev" autogeneratedOrigin="89893adc-b4b6-42eb-a0d6-311e55c98dc1"><![CDATA[%dw 2.0

type auto_4b7d1f13_d96a_44e6_bc83_573d48dd257c_Output_Variables_airline = String | Null

]]></types:shape>
    </types:type>
    <types:type name="auto_b5cdf3e0-d6be-4a3c-9297-ffeedc118a08_Input-Payload" format="java">
      <types:shape format="weave" example="weave/autogenerated/b5cdf3e0-d6be-4a3c-9297-ffeedc118a08/Input-Payload.wev" autogeneratedOrigin="cc2cdb6d-6fb9-4be1-9f4a-16a356223ce7"><![CDATA[%dw 2.0

type auto_b5cdf3e0_d6be_4a3c_9297_ffeedc118a08_Input_Payload = Any

]]></types:shape>
    </types:type>
    <types:type name="auto_b5cdf3e0-d6be-4a3c-9297-ffeedc118a08_Input-Attributes" format="java">
      <types:shape format="weave" example="weave/autogenerated/b5cdf3e0-d6be-4a3c-9297-ffeedc118a08/Input-Attributes.wev" autogeneratedOrigin="cc2cdb6d-6fb9-4be1-9f4a-16a356223ce7"><![CDATA[%dw 2.0

type auto_b5cdf3e0_d6be_4a3c_9297_ffeedc118a08_Input_Attributes = {|
  listenerPath: String, 
  rawRequestPath: String, 
  relativePath: String, 
  maskedRequestPath: String, 
  version: String, 
  scheme: String, 
  method: String, 
  requestUri: String, 
  rawRequestUri: String, 
  queryString: String, 
  localAddress: String, 
  remoteAddress: String, 
  clientCertificate?: java_security_cert_Certificate, 
  queryParams: { _?: String }, 
  uriParams: { _?: String }, 
  requestPath: String, 
  headers: { _?: String }
|} {"typeAlias": "HttpRequestAttributes",
"typeId": "org.mule.extension.http.api.HttpRequestAttributes"}
type java_security_cert_Certificate = {|
  encoded?: Binary, 
  publicKey?: java_security_PublicKey, 
  "type"?: String
|} {"typeAlias": "Certificate",
"typeId": "java.security.cert.Certificate"}
type java_security_PublicKey = {|  |} {"typeAlias": "PublicKey",
"typeId": "java.security.PublicKey"}





]]></types:shape>
    </types:type>
    <types:type name="auto_b5cdf3e0-d6be-4a3c-9297-ffeedc118a08_Input-Variables-code" format="java">
      <types:shape format="raml" autogeneratedOrigin="cc2cdb6d-6fb9-4be1-9f4a-16a356223ce7"><![CDATA[#%RAML 1.0 DataType
type: string]]></types:shape>
    </types:type>
    <types:type name="auto_b5cdf3e0-d6be-4a3c-9297-ffeedc118a08_Input-Variables-airline" format="java">
      <types:shape format="weave" example="weave/autogenerated/b5cdf3e0-d6be-4a3c-9297-ffeedc118a08/Input-Variables-airline.wev" autogeneratedOrigin="cc2cdb6d-6fb9-4be1-9f4a-16a356223ce7"><![CDATA[%dw 2.0

type auto_b5cdf3e0_d6be_4a3c_9297_ffeedc118a08_Input_Variables_airline = String | Null

]]></types:shape>
    </types:type>
    <types:type name="auto_b5cdf3e0-d6be-4a3c-9297-ffeedc118a08_Output-Payload" format="java">
      <types:shape format="weave" example="weave/autogenerated/b5cdf3e0-d6be-4a3c-9297-ffeedc118a08/Output-Payload.wev" autogeneratedOrigin="cc2cdb6d-6fb9-4be1-9f4a-16a356223ce7"><![CDATA[%dw 2.0

type auto_b5cdf3e0_d6be_4a3c_9297_ffeedc118a08_Output_Payload = Array<com_mulesoft_training_Flight>
type com_mulesoft_training_Flight = {|
  airlineName?: String, 
  availableSeats?: Number, 
  departureDate?: String, 
  destination?: String, 
  flightCode?: String, 
  origination?: String, 
  planeType?: String, 
  price?: Number
|} {"class": "com.mulesoft.training.Flight",
"typeId": "com.mulesoft.training.Flight"}



]]></types:shape>
    </types:type>
    <types:type name="auto_b5cdf3e0-d6be-4a3c-9297-ffeedc118a08_Output-Attributes" format="java">
      <types:shape format="weave" example="weave/autogenerated/b5cdf3e0-d6be-4a3c-9297-ffeedc118a08/Output-Attributes.wev" autogeneratedOrigin="cc2cdb6d-6fb9-4be1-9f4a-16a356223ce7"><![CDATA[%dw 2.0

type auto_b5cdf3e0_d6be_4a3c_9297_ffeedc118a08_Output_Attributes = {|
  protocolHeaders: { _?: String }, 
  additionalTransportData: { _?: String }
|} {"typeAlias": "SoapAttributes",
"typeId": "org.mule.extension.ws.api.SoapAttributes"}

]]></types:shape>
    </types:type>
    <types:type name="auto_b5cdf3e0-d6be-4a3c-9297-ffeedc118a08_Output-Variables-code" format="java">
      <types:shape format="raml" autogeneratedOrigin="cc2cdb6d-6fb9-4be1-9f4a-16a356223ce7"><![CDATA[#%RAML 1.0 DataType
type: string]]></types:shape>
    </types:type>
    <types:type name="auto_b5cdf3e0-d6be-4a3c-9297-ffeedc118a08_Output-Variables-airline" format="java">
      <types:shape format="weave" example="weave/autogenerated/b5cdf3e0-d6be-4a3c-9297-ffeedc118a08/Output-Variables-airline.wev" autogeneratedOrigin="cc2cdb6d-6fb9-4be1-9f4a-16a356223ce7"><![CDATA[%dw 2.0

type auto_b5cdf3e0_d6be_4a3c_9297_ffeedc118a08_Output_Variables_airline = String | Null

]]></types:shape>
    </types:type>
    <types:type name="auto_79031ce0-8359-49f5-ac2d-c16cfcec7b52_Input-Payload" format="java">
      <types:shape format="weave" example="weave/autogenerated/79031ce0-8359-49f5-ac2d-c16cfcec7b52/Input-Payload.wev" autogeneratedOrigin="bc169008-7758-4a02-9bef-6dab7d49b702"><![CDATA[%dw 2.0

type auto_79031ce0_8359_49f5_ac2d_c16cfcec7b52_Input_Payload = Any

]]></types:shape>
    </types:type>
    <types:type name="auto_79031ce0-8359-49f5-ac2d-c16cfcec7b52_Input-Attributes" format="java">
      <types:shape format="weave" example="weave/autogenerated/79031ce0-8359-49f5-ac2d-c16cfcec7b52/Input-Attributes.wev" autogeneratedOrigin="bc169008-7758-4a02-9bef-6dab7d49b702"><![CDATA[%dw 2.0

type auto_79031ce0_8359_49f5_ac2d_c16cfcec7b52_Input_Attributes = {|
  listenerPath: String, 
  rawRequestPath: String, 
  relativePath: String, 
  maskedRequestPath: String, 
  version: String, 
  scheme: String, 
  method: String, 
  requestUri: String, 
  rawRequestUri: String, 
  queryString: String, 
  localAddress: String, 
  remoteAddress: String, 
  clientCertificate?: java_security_cert_Certificate, 
  queryParams: { _?: String }, 
  uriParams: { _?: String }, 
  requestPath: String, 
  headers: { _?: String }
|} {"typeAlias": "HttpRequestAttributes",
"typeId": "org.mule.extension.http.api.HttpRequestAttributes"}
type java_security_cert_Certificate = {|
  encoded?: Binary, 
  publicKey?: java_security_PublicKey, 
  "type"?: String
|} {"typeAlias": "Certificate",
"typeId": "java.security.cert.Certificate"}
type java_security_PublicKey = {|  |} {"typeAlias": "PublicKey",
"typeId": "java.security.PublicKey"}





]]></types:shape>
    </types:type>
    <types:type name="auto_79031ce0-8359-49f5-ac2d-c16cfcec7b52_Input-Variables-code" format="java">
      <types:shape format="raml" autogeneratedOrigin="bc169008-7758-4a02-9bef-6dab7d49b702"><![CDATA[#%RAML 1.0 DataType
type: string]]></types:shape>
    </types:type>
    <types:type name="auto_79031ce0-8359-49f5-ac2d-c16cfcec7b52_Input-Variables-airline" format="java">
      <types:shape format="weave" example="weave/autogenerated/79031ce0-8359-49f5-ac2d-c16cfcec7b52/Input-Variables-airline.wev" autogeneratedOrigin="bc169008-7758-4a02-9bef-6dab7d49b702"><![CDATA[%dw 2.0

type auto_79031ce0_8359_49f5_ac2d_c16cfcec7b52_Input_Variables_airline = String | Null

]]></types:shape>
    </types:type>
    <types:type name="auto_79031ce0-8359-49f5-ac2d-c16cfcec7b52_Output-Payload" format="java">
      <types:shape format="weave" example="weave/autogenerated/79031ce0-8359-49f5-ac2d-c16cfcec7b52/Output-Payload.wev" autogeneratedOrigin="bc169008-7758-4a02-9bef-6dab7d49b702"><![CDATA[%dw 2.0

type auto_79031ce0_8359_49f5_ac2d_c16cfcec7b52_Output_Payload = {|  |}

]]></types:shape>
    </types:type>
    <types:type name="auto_79031ce0-8359-49f5-ac2d-c16cfcec7b52_Output-Attributes" format="java">
      <types:shape format="weave" example="weave/autogenerated/79031ce0-8359-49f5-ac2d-c16cfcec7b52/Output-Attributes.wev" autogeneratedOrigin="bc169008-7758-4a02-9bef-6dab7d49b702"><![CDATA[%dw 2.0

type auto_79031ce0_8359_49f5_ac2d_c16cfcec7b52_Output_Attributes = Null

]]></types:shape>
    </types:type>
    <types:type name="auto_79031ce0-8359-49f5-ac2d-c16cfcec7b52_Output-Variables-code" format="java">
      <types:shape format="raml" autogeneratedOrigin="bc169008-7758-4a02-9bef-6dab7d49b702"><![CDATA[#%RAML 1.0 DataType
type: string]]></types:shape>
    </types:type>
    <types:type name="auto_79031ce0-8359-49f5-ac2d-c16cfcec7b52_Output-Variables-airline" format="java">
      <types:shape format="weave" example="weave/autogenerated/79031ce0-8359-49f5-ac2d-c16cfcec7b52/Output-Variables-airline.wev" autogeneratedOrigin="bc169008-7758-4a02-9bef-6dab7d49b702"><![CDATA[%dw 2.0

type auto_79031ce0_8359_49f5_ac2d_c16cfcec7b52_Output_Variables_airline = String | Null

]]></types:shape>
    </types:type>
    <types:type name="flight_json" format="json">
      <types:shape format="weave" example="examples/flight-example.json"><![CDATA[%dw 2.0

type flight_json = {|
  airline: String, 
  flightCode: String, 
  fromAirportCode: String, 
  toAirportCode: String, 
  departureDate: String, 
  emptySeats: Number {"typeId": "int"}, 
  totalSeats: Number {"typeId": "int"}, 
  price: Number {"typeId": "int"}, 
  planeType: String
|} {"example": "{\\\"airline\\\":\\\"United\\\",\\\"flightCode\\\":\\\"ER38sd\\\",\\\"fromAirportCode\\\":\\\"LAX\\\",\\\"toAirportCode\\\":\\\"SFO\\\",\\\"departureDate\\\":\\\"May 21, 2016\\\",\\\"emptySeats\\\":0,\\\"totalSeats\\\":200,\\\"price\\\":199,\\\"planeType\\\":\\\"Boeing 737\\\"}"}

]]></types:shape>
    </types:type>
    <types:type name="auto_891b2e9f-7cab-4c91-8d92-e46d301f4483_Input-Payload" format="java">
      <types:shape format="weave" example="weave/autogenerated/891b2e9f-7cab-4c91-8d92-e46d301f4483/Input-Payload.wev" autogeneratedOrigin="b0decd68-c96a-4139-bd9e-18c851960bb2"><![CDATA[%dw 2.0

type auto_891b2e9f_7cab_4c91_8d92_e46d301f4483_Input_Payload = Any

]]></types:shape>
    </types:type>
    <types:type name="auto_891b2e9f-7cab-4c91-8d92-e46d301f4483_Input-Attributes" format="java">
      <types:shape format="weave" example="weave/autogenerated/891b2e9f-7cab-4c91-8d92-e46d301f4483/Input-Attributes.wev" autogeneratedOrigin="b0decd68-c96a-4139-bd9e-18c851960bb2"><![CDATA[%dw 2.0

type auto_891b2e9f_7cab_4c91_8d92_e46d301f4483_Input_Attributes = {|
  clientCertificate?: {|
    publicKey?: {|  |}, 
    "type"?: String, 
    encoded?: Binary
  |}, 
  headers: {|  |}, 
  listenerPath: String, 
  method: String, 
  queryParams: {|
    code?: "CLE", 
    airline?: "american"
  |}, 
  queryString: String, 
  relativePath: String, 
  remoteAddress: String, 
  requestPath: String, 
  requestUri: String, 
  scheme: String, 
  uriParams: {|  |}, 
  version: String, 
  localAddress: String
|}

]]></types:shape>
    </types:type>
    <types:type name="auto_891b2e9f-7cab-4c91-8d92-e46d301f4483_Input-Variables-outboundHeaders" format="java">
      <types:shape format="weave" example="weave/autogenerated/891b2e9f-7cab-4c91-8d92-e46d301f4483/Input-Variables-outboundHeaders.wev" autogeneratedOrigin="b0decd68-c96a-4139-bd9e-18c851960bb2"><![CDATA[%dw 2.0

type auto_891b2e9f_7cab_4c91_8d92_e46d301f4483_Input_Variables_outboundHeaders = {|  |}

]]></types:shape>
    </types:type>
    <types:type name="auto_891b2e9f-7cab-4c91-8d92-e46d301f4483_Output-Payload" format="json">
      <types:shape format="weave" example="weave/autogenerated/891b2e9f-7cab-4c91-8d92-e46d301f4483/Output-Payload.wev" autogeneratedOrigin="b0decd68-c96a-4139-bd9e-18c851960bb2"><![CDATA[%dw 2.0

type auto_891b2e9f_7cab_4c91_8d92_e46d301f4483_Output_Payload = Array<{  flightCode: String,   price: Number,   ID?: Number,   departureDate: String,   airline: String,   fromAirportCode: String,   totalSeats?: Number,   planeType?: String,   toAirportCode: String,   emptySeats: Number,   _?: Any}>

]]></types:shape>
    </types:type>
    <types:type name="auto_891b2e9f-7cab-4c91-8d92-e46d301f4483_Output-Attributes" format="java">
      <types:shape format="weave" example="weave/autogenerated/891b2e9f-7cab-4c91-8d92-e46d301f4483/Output-Attributes.wev" autogeneratedOrigin="b0decd68-c96a-4139-bd9e-18c851960bb2"><![CDATA[%dw 2.0

type auto_891b2e9f_7cab_4c91_8d92_e46d301f4483_Output_Attributes = Null | {|
  protocolHeaders?: { _?: String }, 
  statusCode?: Number, 
  additionalTransportData?: { _?: String }, 
  reasonPhrase?: String, 
  headers?: { _?: String }
|}

]]></types:shape>
    </types:type>
    <types:type name="auto_891b2e9f-7cab-4c91-8d92-e46d301f4483_Output-Variables-outboundHeaders" format="java">
      <types:shape format="weave" example="weave/autogenerated/891b2e9f-7cab-4c91-8d92-e46d301f4483/Output-Variables-outboundHeaders.wev" autogeneratedOrigin="b0decd68-c96a-4139-bd9e-18c851960bb2"><![CDATA[%dw 2.0

type auto_891b2e9f_7cab_4c91_8d92_e46d301f4483_Output_Variables_outboundHeaders = {|  |}

]]></types:shape>
    </types:type>
    <types:type name="auto_891b2e9f-7cab-4c91-8d92-e46d301f4483_Output-Variables-code" format="java">
      <types:shape format="raml" autogeneratedOrigin="b0decd68-c96a-4139-bd9e-18c851960bb2"><![CDATA[#%RAML 1.0 DataType
type: string]]></types:shape>
    </types:type>
    <types:type name="auto_891b2e9f-7cab-4c91-8d92-e46d301f4483_Output-Variables-httpStatus" format="java">
      <types:shape format="raml" autogeneratedOrigin="b0decd68-c96a-4139-bd9e-18c851960bb2"><![CDATA[#%RAML 1.0 DataType
type: string]]></types:shape>
    </types:type>
    <types:type name="auto_891b2e9f-7cab-4c91-8d92-e46d301f4483_Output-Variables-airline" format="java">
      <types:shape format="weave" example="weave/autogenerated/891b2e9f-7cab-4c91-8d92-e46d301f4483/Output-Variables-airline.wev" autogeneratedOrigin="b0decd68-c96a-4139-bd9e-18c851960bb2"><![CDATA[%dw 2.0

type auto_891b2e9f_7cab_4c91_8d92_e46d301f4483_Output_Variables_airline = String | Null

]]></types:shape>
    </types:type>
    <types:type name="flights_json" format="json">
      <types:shape format="weave" example="examples/flights-example.json"><![CDATA[%dw 2.0

type flights_json = Array<{|  airline: String,   flightCode: String,   fromAirportCode: String,   toAirportCode: String,   departureDate: String,   emptySeats: Number {"typeId": "int"},   totalSeats: Number {"typeId": "int"},   price: Number {"typeId": "int"},   planeType: String|}> {"example": "[{\\\"airline\\\":\\\"United\\\",\\\"flightCode\\\":\\\"ER38sd\\\",\\\"fromAirportCode\\\":\\\"LAX\\\",\\\"toAirportCode\\\":\\\"SFO\\\",\\\"departureDate\\\":\\\"May 21, 2016\\\",\\\"emptySeats\\\":0,\\\"totalSeats\\\":200,\\\"price\\\":199,\\\"planeType\\\":\\\"Boeing 737\\\"},{\\\"airline\\\":\\\"Delta\\\",\\\"flightCode\\\":\\\"ER0945\\\",\\\"fromAirportCode\\\":\\\"PDX\\\",\\\"toAirportCode\\\":\\\"CLE\\\",\\\"departureDate\\\":\\\"June 1, 2016\\\",\\\"emptySeats\\\":24,\\\"totalSeats\\\":350,\\\"price\\\":450,\\\"planeType\\\":\\\"Boeing 747\\\"}]"}

]]></types:shape>
    </types:type>
    <types:type name="flights_xml" format="xml">
      <types:example format="xml" element="{http://soap.training.mulesoft.com/}listAllFlightsResponse" location="examples/flights-example.xml"/>
    </types:type>
  </types:catalog>
  <types:enrichment select="#14fd82a5-a148-4177-a8b0-1fe34202f6f9">
    <types:processor-declaration>
      <types:output-event>
        <types:message>
          <types:payload type="Flight[]"/>
        </types:message>
      </types:output-event>
    </types:processor-declaration>
  </types:enrichment>
  <types:enrichment select="#3a714a57-4750-4d4f-a420-fb19d305b6d8">
    <types:processor-declaration>
      <types:input-event>
        <types:message>
          <types:payload type="united_flights_json"/>
        </types:message>
      </types:input-event>
      <types:output-event>
        <types:message>
          <types:payload type="Flight"/>
        </types:message>
      </types:output-event>
    </types:processor-declaration>
  </types:enrichment>
  <types:enrichment select="#d1cd11c9-c92a-4a00-aa27-11b3b62887c5">
    <types:processor-declaration>
      <types:output-event>
        <types:message>
          <types:payload type="Flight[]"/>
        </types:message>
      </types:output-event>
    </types:processor-declaration>
  </types:enrichment>
  <types:enrichment select="#d66ec20c-78a9-4148-a4bf-4612ea599c13">
    <types:processor-declaration>
      <types:input-event>
        <types:message>
          <types:payload type="auto_d66ec20c-78a9-4148-a4bf-4612ea599c13_Input-Payload"/>
          <types:attributes type="auto_d66ec20c-78a9-4148-a4bf-4612ea599c13_Input-Attributes"/>
        </types:message>
        <types:variables>
          <types:variable name="code" type="auto_d66ec20c-78a9-4148-a4bf-4612ea599c13_Input-Variables-code"/>
          <types:variable name="airline" type="auto_d66ec20c-78a9-4148-a4bf-4612ea599c13_Input-Variables-airline"/>
        </types:variables>
      </types:input-event>
      <types:output-event>
        <types:message>
          <types:payload type="auto_d66ec20c-78a9-4148-a4bf-4612ea599c13_Output-Payload"/>
          <types:attributes type="auto_d66ec20c-78a9-4148-a4bf-4612ea599c13_Output-Attributes"/>
        </types:message>
        <types:variables>
          <types:variable name="code" type="auto_d66ec20c-78a9-4148-a4bf-4612ea599c13_Output-Variables-code"/>
          <types:variable name="airline" type="auto_d66ec20c-78a9-4148-a4bf-4612ea599c13_Output-Variables-airline"/>
        </types:variables>
      </types:output-event>
    </types:processor-declaration>
  </types:enrichment>
  <types:enrichment select="#4b7d1f13-d96a-44e6-bc83-573d48dd257c">
    <types:processor-declaration>
      <types:input-event>
        <types:message>
          <types:payload type="auto_4b7d1f13-d96a-44e6-bc83-573d48dd257c_Input-Payload"/>
          <types:attributes type="auto_4b7d1f13-d96a-44e6-bc83-573d48dd257c_Input-Attributes"/>
        </types:message>
        <types:variables>
          <types:variable name="code" type="auto_4b7d1f13-d96a-44e6-bc83-573d48dd257c_Input-Variables-code"/>
          <types:variable name="airline" type="auto_4b7d1f13-d96a-44e6-bc83-573d48dd257c_Input-Variables-airline"/>
        </types:variables>
      </types:input-event>
      <types:output-event>
        <types:message>
          <types:payload type="auto_4b7d1f13-d96a-44e6-bc83-573d48dd257c_Output-Payload"/>
          <types:attributes type="auto_4b7d1f13-d96a-44e6-bc83-573d48dd257c_Output-Attributes"/>
        </types:message>
        <types:variables>
          <types:variable name="code" type="auto_4b7d1f13-d96a-44e6-bc83-573d48dd257c_Output-Variables-code"/>
          <types:variable name="airline" type="auto_4b7d1f13-d96a-44e6-bc83-573d48dd257c_Output-Variables-airline"/>
        </types:variables>
      </types:output-event>
    </types:processor-declaration>
  </types:enrichment>
  <types:enrichment select="#b5cdf3e0-d6be-4a3c-9297-ffeedc118a08">
    <types:processor-declaration>
      <types:input-event>
        <types:message>
          <types:payload type="auto_b5cdf3e0-d6be-4a3c-9297-ffeedc118a08_Input-Payload"/>
          <types:attributes type="auto_b5cdf3e0-d6be-4a3c-9297-ffeedc118a08_Input-Attributes"/>
        </types:message>
        <types:variables>
          <types:variable name="code" type="auto_b5cdf3e0-d6be-4a3c-9297-ffeedc118a08_Input-Variables-code"/>
          <types:variable name="airline" type="auto_b5cdf3e0-d6be-4a3c-9297-ffeedc118a08_Input-Variables-airline"/>
        </types:variables>
      </types:input-event>
      <types:output-event>
        <types:message>
          <types:payload type="auto_b5cdf3e0-d6be-4a3c-9297-ffeedc118a08_Output-Payload"/>
          <types:attributes type="auto_b5cdf3e0-d6be-4a3c-9297-ffeedc118a08_Output-Attributes"/>
        </types:message>
        <types:variables>
          <types:variable name="code" type="auto_b5cdf3e0-d6be-4a3c-9297-ffeedc118a08_Output-Variables-code"/>
          <types:variable name="airline" type="auto_b5cdf3e0-d6be-4a3c-9297-ffeedc118a08_Output-Variables-airline"/>
        </types:variables>
      </types:output-event>
    </types:processor-declaration>
  </types:enrichment>
  <types:enrichment select="#79031ce0-8359-49f5-ac2d-c16cfcec7b52">
    <types:processor-declaration>
      <types:input-event>
        <types:message>
          <types:payload type="auto_79031ce0-8359-49f5-ac2d-c16cfcec7b52_Input-Payload"/>
          <types:attributes type="auto_79031ce0-8359-49f5-ac2d-c16cfcec7b52_Input-Attributes"/>
        </types:message>
        <types:variables>
          <types:variable name="code" type="auto_79031ce0-8359-49f5-ac2d-c16cfcec7b52_Input-Variables-code"/>
          <types:variable name="airline" type="auto_79031ce0-8359-49f5-ac2d-c16cfcec7b52_Input-Variables-airline"/>
        </types:variables>
      </types:input-event>
      <types:output-event>
        <types:message>
          <types:payload type="auto_79031ce0-8359-49f5-ac2d-c16cfcec7b52_Output-Payload"/>
          <types:attributes type="auto_79031ce0-8359-49f5-ac2d-c16cfcec7b52_Output-Attributes"/>
        </types:message>
        <types:variables>
          <types:variable name="code" type="auto_79031ce0-8359-49f5-ac2d-c16cfcec7b52_Output-Variables-code"/>
          <types:variable name="airline" type="auto_79031ce0-8359-49f5-ac2d-c16cfcec7b52_Output-Variables-airline"/>
        </types:variables>
      </types:output-event>
    </types:processor-declaration>
  </types:enrichment>
  <types:enrichment select="#745d46d6-9636-44ad-83de-eb3171a4f605">
    <types:processor-declaration>
      <types:input-event>
        <types:message>
          <types:payload type="flight_json"/>
        </types:message>
      </types:input-event>
    </types:processor-declaration>
  </types:enrichment>
  <types:enrichment select="#891b2e9f-7cab-4c91-8d92-e46d301f4483">
    <types:processor-declaration>
      <types:input-event>
        <types:message>
          <types:payload type="auto_891b2e9f-7cab-4c91-8d92-e46d301f4483_Input-Payload"/>
          <types:attributes type="auto_891b2e9f-7cab-4c91-8d92-e46d301f4483_Input-Attributes"/>
        </types:message>
        <types:variables>
          <types:variable name="outboundHeaders" type="auto_891b2e9f-7cab-4c91-8d92-e46d301f4483_Input-Variables-outboundHeaders"/>
        </types:variables>
      </types:input-event>
      <types:output-event>
        <types:message>
          <types:payload type="auto_891b2e9f-7cab-4c91-8d92-e46d301f4483_Output-Payload"/>
          <types:attributes type="auto_891b2e9f-7cab-4c91-8d92-e46d301f4483_Output-Attributes"/>
        </types:message>
        <types:variables>
          <types:variable name="outboundHeaders" type="auto_891b2e9f-7cab-4c91-8d92-e46d301f4483_Output-Variables-outboundHeaders"/>
          <types:variable name="code" type="auto_891b2e9f-7cab-4c91-8d92-e46d301f4483_Output-Variables-code"/>
          <types:variable name="httpStatus" type="auto_891b2e9f-7cab-4c91-8d92-e46d301f4483_Output-Variables-httpStatus"/>
          <types:variable name="airline" type="auto_891b2e9f-7cab-4c91-8d92-e46d301f4483_Output-Variables-airline"/>
        </types:variables>
      </types:output-event>
    </types:processor-declaration>
  </types:enrichment>
  <types:enrichment select="#74adfd44-0d62-46ee-94f7-a9b6aad7fec0">
    <types:processor-declaration>
      <types:input-event>
        <types:message>
          <types:payload type="flights_json"/>
        </types:message>
      </types:input-event>
    </types:processor-declaration>
  </types:enrichment>
  <types:enrichment select="#1c5a3f11-2642-4b8b-9a23-a571d33de0f1">
    <types:processor-declaration>
      <types:input-event>
        <types:message>
          <types:payload type="flights_xml"/>
        </types:message>
      </types:input-event>
    </types:processor-declaration>
  </types:enrichment>
</types:mule>