<?xml version="1.0" encoding="UTF-8"?>

<mule xmlns="http://www.mulesoft.org/schema/mule/core" xmlns:doc="http://www.mulesoft.org/schema/mule/documentation"
	xmlns:xsi="http://www.w3.org/2001/XMLSchema-instance"
	xsi:schemaLocation="http://www.mulesoft.org/schema/mule/core http://www.mulesoft.org/schema/mule/core/current/mule.xsd">
	<flow name="schedulerflow" doc:id="506f4181-8846-4f6e-a2e6-975f1061473b" >
		<scheduler doc:name="Scheduler" doc:id="f2badfbb-38c7-4c6f-a13d-46df6fb28b94" >
			<scheduling-strategy >
				<fixed-frequency frequency="10" timeUnit="SECONDS"/>
			</scheduling-strategy>
		</scheduler>
		<logger level="INFO" doc:name="Logger" doc:id="350cf707-e505-409a-9fa1-fcfe9914361e" message="** Scheduler got invoked **"/>
	</flow>
</mule>
