<?xml version='1.0' encoding='UTF-8'?>
<types:mule xmlns:types="http://www.mulesoft.org/schema/mule/types">
  <types:catalog>
    <types:type name="auto_12ecefc9-ce6e-49b2-89df-9922757a0662_Input-Variables-var1" format="java">
      <types:shape format="raml" autogeneratedOrigin="44936af0-02c2-41d0-88fa-f3e5a829094a"><![CDATA[#%RAML 1.0 DataType
type: string]]></types:shape>
    </types:type>
    <types:type name="auto_12ecefc9-ce6e-49b2-89df-9922757a0662_Output-Variables-var1" format="java">
      <types:shape format="raml" autogeneratedOrigin="44936af0-02c2-41d0-88fa-f3e5a829094a"><![CDATA[#%RAML 1.0 DataType
type: string]]></types:shape>
    </types:type>
  </types:catalog>
  <types:enrichment select="#12ecefc9-ce6e-49b2-89df-9922757a0662">
    <types:processor-declaration>
      <types:input-event>
        <types:variables>
          <types:variable name="var1" type="auto_12ecefc9-ce6e-49b2-89df-9922757a0662_Input-Variables-var1"/>
        </types:variables>
      </types:input-event>
      <types:output-event>
        <types:variables>
          <types:variable name="var1" type="auto_12ecefc9-ce6e-49b2-89df-9922757a0662_Output-Variables-var1"/>
        </types:variables>
      </types:output-event>
    </types:processor-declaration>
  </types:enrichment>
</types:mule>