<?xml version="1.0" encoding="UTF-8"?>

<mule xmlns:ee="http://www.mulesoft.org/schema/mule/ee/core" xmlns:batch="http://www.mulesoft.org/schema/mule/batch"
	xmlns:file="http://www.mulesoft.org/schema/mule/file"
	xmlns="http://www.mulesoft.org/schema/mule/core" xmlns:doc="http://www.mulesoft.org/schema/mule/documentation" xmlns:xsi="http://www.w3.org/2001/XMLSchema-instance" xsi:schemaLocation="http://www.mulesoft.org/schema/mule/core http://www.mulesoft.org/schema/mule/core/current/mule.xsd
http://www.mulesoft.org/schema/mule/file http://www.mulesoft.org/schema/mule/file/current/mule-file.xsd
http://www.mulesoft.org/schema/mule/batch http://www.mulesoft.org/schema/mule/batch/current/mule-batch.xsd
http://www.mulesoft.org/schema/mule/ee/core http://www.mulesoft.org/schema/mule/ee/core/current/mule-ee.xsd">
	<file:config name="File_Config" doc:name="File Config" doc:id="7dc310f8-b817-41b2-b122-837b722c209c" >
		<file:connection workingDir="C:\" />
	</file:config>
	<file:config name="File_Config1" doc:name="File Config" doc:id="068bfe71-10ba-4ef2-b5b5-c6105a1f82a4" >
		<file:connection workingDir="C:\" />
	</file:config>
	<file:config name="File_Config2" doc:name="File Config" doc:id="66034793-81fd-4373-a547-90c6dd659a5d" >
		<file:connection workingDir="C:\demo\output" />
	</file:config>
	<flow name="demo-20oct2019-1Flow" doc:id="7a5da909-7005-4266-a545-cf7460472b84" >
		<file:listener doc:name="On New or Updated File" doc:id="1a0b9ad8-32f1-4199-9c60-624b3527296c" config-ref="File_Config1" directory="C:\demo\input" autoDelete="true" moveToDirectory="C:\demo\output">
			<scheduling-strategy >
				<fixed-frequency />
			</scheduling-strategy>
		</file:listener>
		<logger level="INFO" doc:name="Logger" doc:id="784c0bf6-0cfc-449d-b709-c77383e801fe"/>
		<ee:transform doc:name="Transform Message" doc:id="347f4391-e7de-4e92-b997-81fac11d1366" >
			<ee:message >
				<ee:set-payload ><![CDATA[%dw 2.0
output application/java
---
payload]]></ee:set-payload>
			</ee:message>
		</ee:transform>
		<batch:job jobName="BatchJob" doc:id="045b166b-7472-4137-8a5f-e9d6e4018c17" >
			<batch:process-records >
				<batch:step name="Batch_Step1" doc:id="62df05eb-9542-4196-a64d-285fbe5bf4b1" >
					<set-variable value='#[payload.policyID ++ ".csv"]' doc:name="Set Variable" doc:id="fb789cee-542f-4299-946f-3cd1d469c5d3" variableName="outputFileName"/>
					<ee:transform doc:name="Transform Message" doc:id="ce17d1e4-07f4-489c-b0d1-e863f6579172" >
						<ee:message >
							<ee:set-payload ><![CDATA[%dw 2.0
output application/csv
---
payload]]></ee:set-payload>
						</ee:message>
					</ee:transform>
					<file:write doc:name="Write" doc:id="a0d4c3a7-8b0d-415e-bb5e-b6eadb0ccdc4" config-ref="File_Config2" path='#[vars.outputFileName]'/>
					<logger level="INFO" doc:name="Logger" doc:id="1c36d0b3-7fd9-4821-9755-8718b188559e" message="BatchStep 1 Logger"/>
				</batch:step>
				<batch:step name="Batch_Step2" doc:id="c23431e7-9c33-47d9-a361-0b541b571dff" >
					<logger level="INFO" doc:name="Logger" doc:id="9f58e6e1-0eff-4f3f-bea0-768cd96419d1" message="Batch Step#2 Logger"/>
				</batch:step>
			</batch:process-records>
		</batch:job>
	</flow>
</mule>
