<?xml version="1.0" encoding="UTF-8"?>

<mule xmlns:http="http://www.mulesoft.org/schema/mule/http" xmlns="http://www.mulesoft.org/schema/mule/core"
	xmlns:doc="http://www.mulesoft.org/schema/mule/documentation"
	xmlns:xsi="http://www.w3.org/2001/XMLSchema-instance" xsi:schemaLocation="http://www.mulesoft.org/schema/mule/core http://www.mulesoft.org/schema/mule/core/current/mule.xsd
http://www.mulesoft.org/schema/mule/http http://www.mulesoft.org/schema/mule/http/current/mule-http.xsd">
	<http:listener-config name="HTTP_Listener_config" doc:name="HTTP Listener config" doc:id="323a90e1-0bb2-4650-893b-4fcaa2b2330b" >
		<http:listener-connection host="0.0.0.0" port="8083" />
	</http:listener-config>
	<http:request-config name="HTTP_Request_configuration" doc:name="HTTP Request configuration" doc:id="9d16aea8-0542-41de-9997-06f15520a54b" >
		<http:request-connection host="dummy.restapiexample.com" />
	</http:request-config>
	<flow name="demo-22sep2019-1Flow" doc:id="bc9fa1b1-eeaa-4f42-8d37-8f3339ee72b8" >
		<http:listener doc:name="/GET hello1" doc:id="95a8ce34-0657-47ba-bdc0-f4967128b5f0" config-ref="HTTP_Listener_config" path="/hello1"/>
		<http:request method="GET" doc:name="call Rest employee WS" doc:id="916b7f77-11f8-4d8f-bca2-c9e0e8c6f78d" config-ref="HTTP_Request_configuration" path="/api/v1/employees"/>
	</flow>
</mule>
