<?xml version="1.0" encoding="UTF-8"?>

<mule xmlns:http="http://www.mulesoft.org/schema/mule/http" xmlns="http://www.mulesoft.org/schema/mule/core"
	xmlns:doc="http://www.mulesoft.org/schema/mule/documentation"
	xmlns:xsi="http://www.w3.org/2001/XMLSchema-instance" xsi:schemaLocation="http://www.mulesoft.org/schema/mule/core http://www.mulesoft.org/schema/mule/core/current/mule.xsd
http://www.mulesoft.org/schema/mule/http http://www.mulesoft.org/schema/mule/http/current/mule-http.xsd">
	<http:listener-config name="HTTP_Listener_config" doc:name="HTTP Listener config" doc:id="29f0a3a9-0565-4478-ae43-fa0120fcb36e" >
		<http:listener-connection host="0.0.0.0" port="8083" />
	</http:listener-config>
	<flow name="demo-30sept2019-3Flow" doc:id="22230ad7-a46d-4682-9479-64dfaff89fb5" >
		<http:listener doc:name="/GET hello" doc:id="a8238c73-e9d0-426a-9603-f85b80239e0e" config-ref="HTTP_Listener_config" path="/hello"/>
		<set-variable value="#[attributes.queryParams.country]" doc:name="Set Variable" doc:id="ee6ab65a-7a25-4f8d-bc7b-33e45c265da0" variableName="countryName"/>
		<choice doc:name="Choice" doc:id="6d0ff80f-444d-4125-a93c-fcdbba33cf73" >
			<when expression='#[vars.countryName == "UnitedStates"]'>
				<logger level="INFO" doc:name="Logger" doc:id="4504443b-483a-4dee-a654-a92dccd76db6" message="This is UnitedStates"/>
			</when>
			<when expression='#[vars.countryName == "India"]'>
				<logger level="INFO" doc:name="Logger" doc:id="4d9ccbaa-5a9e-49aa-b46c-dca7f5331416" message="Country name is India"/>
			</when>
			<otherwise >
				<logger level="INFO" doc:name="Logger" doc:id="be8cd911-6d35-484e-8766-caae30cd1698" message="** This is default  condition **"/>
			</otherwise>
		</choice>
	</flow>
</mule>
