<?xml version="1.0" encoding="UTF-8"?>

<mule xmlns:http="http://www.mulesoft.org/schema/mule/http"
	xmlns:vm="http://www.mulesoft.org/schema/mule/vm"
	xmlns="http://www.mulesoft.org/schema/mule/core" xmlns:doc="http://www.mulesoft.org/schema/mule/documentation"
	xmlns:xsi="http://www.w3.org/2001/XMLSchema-instance"
	xsi:schemaLocation="
http://www.mulesoft.org/schema/mule/http http://www.mulesoft.org/schema/mule/http/current/mule-http.xsd 
http://www.mulesoft.org/schema/mule/vm http://www.mulesoft.org/schema/mule/vm/current/mule-vm.xsd http://www.mulesoft.org/schema/mule/core http://www.mulesoft.org/schema/mule/core/current/mule.xsd">
	
		<http:listener-config name="HTTP_Listener_config" doc:name="HTTP Listener config" doc:id="afdda8c0-fdfe-4ffb-976f-67d39ebc4db9" >
		<http:listener-connection host="0.0.0.0" port="8083" />
	</http:listener-config>
	<http:request-config name="HTTP_Request_configuration" doc:name="HTTP Request configuration" doc:id="2725f360-1ce2-418f-a38f-a5246feda387" >
		<http:request-connection host="localhost" port="8081" />
	</http:request-config>
	<vm:config name="VM_Config" doc:name="VM Config" doc:id="f1cfae35-bf27-47b9-91fe-2729588411e4" >
		<vm:queues >
			<vm:queue queueName="goodbye" />
		</vm:queues>
	</vm:config>
	
	</mule>
