<?xml version="1.0" encoding="UTF-8"?>

<mule xmlns:ee="http://www.mulesoft.org/schema/mule/ee/core" xmlns:file="http://www.mulesoft.org/schema/mule/file"
	xmlns="http://www.mulesoft.org/schema/mule/core"
	xmlns:doc="http://www.mulesoft.org/schema/mule/documentation" xmlns:xsi="http://www.w3.org/2001/XMLSchema-instance" xsi:schemaLocation="http://www.mulesoft.org/schema/mule/core http://www.mulesoft.org/schema/mule/core/current/mule.xsd
http://www.mulesoft.org/schema/mule/file http://www.mulesoft.org/schema/mule/file/current/mule-file.xsd
http://www.mulesoft.org/schema/mule/ee/core http://www.mulesoft.org/schema/mule/ee/core/current/mule-ee.xsd">
	<file:config name="File_Config" doc:name="File Config" doc:id="c734c021-f005-42e1-86d4-6c59702bb364" >
		<file:connection workingDir="C:\demo\input" />
	</file:config>
	<file:config name="File_Config1" doc:name="File Config" doc:id="3bebb73f-89ed-4fda-9c31-964b43173e23" >
		<file:connection workingDir="C:\demo\output" />
	</file:config>
	<flow name="demo-30sept2019-1Flow" doc:id="4ad3142e-e318-4153-a50c-ac1fe87a8eda" >
		<file:listener doc:name="FileProcessing-ForEach" doc:id="b5f7e92b-1e30-4478-b1b4-7496e1e8270c" config-ref="File_Config" directory="C:\demo\input" autoDelete="true" moveToDirectory="C:\demo\output">
			<scheduling-strategy >
				<fixed-frequency frequency="5" timeUnit="SECONDS"/>
			</scheduling-strategy>
		</file:listener>
		<ee:transform doc:name="Transform Message" doc:id="92f7c50e-da80-49bb-bd2b-a40844ea2462" >
			<ee:message >
				<ee:set-payload ><![CDATA[%dw 2.0
output application/java
---
payload]]></ee:set-payload>
			</ee:message>
		</ee:transform>
		<logger level="INFO" doc:name="Logger" doc:id="5aa54011-c271-43f4-8bba-0e35fcf42205" message="Before For Each"/>
		<foreach doc:name="For Each" doc:id="2961bd17-c6a1-4dd3-b953-3db6c1a9d966" >
			<logger level="INFO" doc:name="Logger" doc:id="da83bfa9-16d0-4000-910c-deae7bf70d29" message="#[payload]"/>
		</foreach>
		<file:write doc:name="Write" doc:id="f2e1ddd1-cae4-4464-ab4f-35cbdea7ef77" config-ref="File_Config1" path="C:\demo\output\sample-insurancefile-2rec.csv"/>
		<logger level="INFO" doc:name="Logger" doc:id="2bc2ad94-593c-4370-b400-107448be0e5e" message="After For Each"/>
	</flow>
</mule>
