<?xml version='1.0' encoding='UTF-8'?>
<types:mule xmlns:types="http://www.mulesoft.org/schema/mule/types">
  <types:catalog>
    <types:type name="auto_af379282-5beb-44ab-a0b1-4fb2d04cbc9c_Input-Payload" format="java">
      <types:shape format="weave" example="weave/autogenerated/af379282-5beb-44ab-a0b1-4fb2d04cbc9c/Input-Payload.wev" autogeneratedOrigin="6ebe4e5a-6bef-45b6-ad5d-0f5e1fff436f"><![CDATA[%dw 2.0

type auto_af379282_5beb_44ab_a0b1_4fb2d04cbc9c_Input_Payload = Any

]]></types:shape>
    </types:type>
    <types:type name="auto_af379282-5beb-44ab-a0b1-4fb2d04cbc9c_Input-Attributes" format="java">
      <types:shape format="weave" example="weave/autogenerated/af379282-5beb-44ab-a0b1-4fb2d04cbc9c/Input-Attributes.wev" autogeneratedOrigin="6ebe4e5a-6bef-45b6-ad5d-0f5e1fff436f"><![CDATA[%dw 2.0

type auto_af379282_5beb_44ab_a0b1_4fb2d04cbc9c_Input_Attributes = {|
  listenerPath: String, 
  rawRequestPath: String, 
  relativePath: String, 
  maskedRequestPath: String, 
  version: String, 
  scheme: String, 
  method: String, 
  requestUri: String, 
  rawRequestUri: String, 
  queryString: String, 
  localAddress: String, 
  remoteAddress: String, 
  clientCertificate?: java_security_cert_Certificate, 
  queryParams: { _?: String }, 
  uriParams: { _?: String }, 
  requestPath: String, 
  headers: { _?: String }
|} {"typeAlias": "HttpRequestAttributes",
"typeId": "org.mule.extension.http.api.HttpRequestAttributes"}
type java_security_cert_Certificate = {|
  encoded?: Binary, 
  publicKey?: java_security_PublicKey, 
  "type"?: String
|} {"typeAlias": "Certificate",
"typeId": "java.security.cert.Certificate"}
type java_security_PublicKey = {|  |} {"typeAlias": "PublicKey",
"typeId": "java.security.PublicKey"}





]]></types:shape>
    </types:type>
    <types:type name="auto_af379282-5beb-44ab-a0b1-4fb2d04cbc9c_Output-Payload" format="java">
      <types:shape format="weave" example="weave/autogenerated/af379282-5beb-44ab-a0b1-4fb2d04cbc9c/Output-Payload.wev" autogeneratedOrigin="6ebe4e5a-6bef-45b6-ad5d-0f5e1fff436f"><![CDATA[%dw 2.0

type auto_af379282_5beb_44ab_a0b1_4fb2d04cbc9c_Output_Payload = Any

]]></types:shape>
    </types:type>
    <types:type name="auto_af379282-5beb-44ab-a0b1-4fb2d04cbc9c_Output-Attributes" format="java">
      <types:shape format="weave" example="weave/autogenerated/af379282-5beb-44ab-a0b1-4fb2d04cbc9c/Output-Attributes.wev" autogeneratedOrigin="6ebe4e5a-6bef-45b6-ad5d-0f5e1fff436f"><![CDATA[%dw 2.0

type auto_af379282_5beb_44ab_a0b1_4fb2d04cbc9c_Output_Attributes = {|
  statusCode: Number, 
  reasonPhrase: String, 
  headers: { _?: String }
|} {"typeAlias": "HttpResponseAttributes",
"typeId": "org.mule.extension.http.api.HttpResponseAttributes"}

]]></types:shape>
    </types:type>
  </types:catalog>
  <types:enrichment select="#af379282-5beb-44ab-a0b1-4fb2d04cbc9c">
    <types:processor-declaration>
      <types:input-event>
        <types:message>
          <types:payload type="auto_af379282-5beb-44ab-a0b1-4fb2d04cbc9c_Input-Payload"/>
          <types:attributes type="auto_af379282-5beb-44ab-a0b1-4fb2d04cbc9c_Input-Attributes"/>
        </types:message>
      </types:input-event>
      <types:output-event>
        <types:message>
          <types:payload type="auto_af379282-5beb-44ab-a0b1-4fb2d04cbc9c_Output-Payload"/>
          <types:attributes type="auto_af379282-5beb-44ab-a0b1-4fb2d04cbc9c_Output-Attributes"/>
        </types:message>
      </types:output-event>
    </types:processor-declaration>
  </types:enrichment>
</types:mule>