<?xml version="1.0" encoding="UTF-8"?>

<mule xmlns:vm="http://www.mulesoft.org/schema/mule/vm" xmlns:http="http://www.mulesoft.org/schema/mule/http"
	xmlns="http://www.mulesoft.org/schema/mule/core"
	xmlns:doc="http://www.mulesoft.org/schema/mule/documentation" xmlns:xsi="http://www.w3.org/2001/XMLSchema-instance" xsi:schemaLocation="http://www.mulesoft.org/schema/mule/core http://www.mulesoft.org/schema/mule/core/current/mule.xsd
http://www.mulesoft.org/schema/mule/http http://www.mulesoft.org/schema/mule/http/current/mule-http.xsd
http://www.mulesoft.org/schema/mule/vm http://www.mulesoft.org/schema/mule/vm/current/mule-vm.xsd">
	<http:listener-config name="HTTP_Listener_config" doc:name="HTTP Listener config" doc:id="13b81183-20ae-430e-b4c9-f2ac25f94f7f" >
		<http:listener-connection host="0.0.0.0" port="8081" />
	</http:listener-config>
	<http:request-config name="HTTP_Request_configuration" doc:name="HTTP Request configuration" doc:id="218bda8b-9281-4adc-8815-c687aa06aac6">
		<http:request-connection host="localhost" port="8081" connectionIdleTimeout="300000"/>
	</http:request-config>
	<vm:config name="VM_Config" doc:name="VM Config" doc:id="5faa7ba0-5c85-44a0-9648-fd093734b877" >
		<vm:connection />
		<vm:queues >
			<vm:queue queueName="goodbye" />
		</vm:queues>
	</vm:config>
	<flow name="privateFlow" doc:id="3c878774-cfa6-4021-828a-fa1ad48b45a7" >
		<vm:publish doc:name="VM goodbye" doc:id="16825392-0d08-4851-86a3-104fc88a5fdd" config-ref="VM_Config" queueName="goodbye"/>
	</flow>
	<flow name="helloFlow" doc:id="b04aabc8-e070-47f6-b342-ddce6814171d" >
		<http:listener doc:name="GET /hello" doc:id="dc086d80-4511-4a0c-b02a-7466e01d0507" config-ref="HTTP_Listener_config" path="/hello">
			<http:response reasonPhrase="Success">
				<http:headers ><![CDATA[#[output application/java
---
{
	"name" : attributes.queryParams.fname
}]]]></http:headers>
			</http:response>
		</http:listener>
		<flow-ref doc:name="subFlow" doc:id="15549ff2-a6fe-425e-b974-b7343dc9ce4c" name="subFlow" />
		<flow-ref doc:name="privateFlow" doc:id="fb5f52f6-706d-4d81-afa9-e6b8885e3367" name="privateFlow" />
		<logger level="INFO" doc:name="payload" doc:id="64d26627-3ac4-40c6-829a-bf18209fc20e" message='#["Message: " ++ (payload default "")]'/>
	</flow>
	<sub-flow name="subFlow" doc:id="0882db17-b7c9-4899-afdf-462787e16167">
		<set-variable value="#[attributes.queryParams.fname]" doc:name="fname" doc:id="693cb5c5-a0ed-4ca7-930b-8c3e0e347de8" variableName="fname" />
		<set-payload value="Hello World!" doc:name="Hello World!" doc:id="8e4cd7e6-2fe4-4dfb-8af1-5aa27e267a29" />
	</sub-flow>
	<flow name="goodbyeFlow" doc:id="07a25ad3-3eb4-40a2-9072-3defe06dc343" >
		<vm:listener doc:name="goodbye" doc:id="1a945c9c-2e99-461e-b928-aa50b4607e55" config-ref="VM_Config" queueName="goodbye"/>
		<set-payload value='#[upper("Goodbye ") ++ (attributes.queryParams.fullName default "Maxine")]' doc:name="Goodbye" doc:id="ff07c7aa-1927-4517-85fd-6eacb45b41c5" />
		<logger level="INFO" doc:name="payload" doc:id="bb1f8a17-3a5e-4c5b-a856-c4da7dca8d61" message="#[attributes.queryParams.fullName]" />
	</flow>
</mule>
