<?xml version="1.0" encoding="UTF-8"?>

<mule xmlns:http="http://www.mulesoft.org/schema/mule/http" xmlns="http://www.mulesoft.org/schema/mule/core"
	xmlns:doc="http://www.mulesoft.org/schema/mule/documentation"
	xmlns:xsi="http://www.w3.org/2001/XMLSchema-instance" xsi:schemaLocation="http://www.mulesoft.org/schema/mule/core http://www.mulesoft.org/schema/mule/core/current/mule.xsd
http://www.mulesoft.org/schema/mule/http http://www.mulesoft.org/schema/mule/http/current/mule-http.xsd">
	<http:listener-config name="HTTP_Listener_config" doc:name="HTTP Listener config" doc:id="0bdc6c5c-bf8b-4c09-9229-ccf5ea374137" >
		<http:listener-connection host="0.0.0.0" port="8083" />
	</http:listener-config>
	<http:request-config name="HTTP_Request_configuration" doc:name="HTTP Request configuration" doc:id="4f1508b4-520f-462f-8254-3e5b0425fb99" >
		<http:request-connection host="localhost" port="8083" />
	</http:request-config>
	<sub-flow name="subflow" doc:id="af379282-5beb-44ab-a0b1-4fb2d04cbc9c" >
		<set-payload value="Hello World!" doc:name="Hello World!" doc:id="67868887-9ceb-4994-90bc-fa7466020abe" />
		<http:request method="GET" doc:name="GET /goodbye" doc:id="81a9df44-9038-4105-a78d-c9253ef22c9f" config-ref="HTTP_Request_configuration" path="/goodbye" responseTimeout="300000">
			<http:query-params><![CDATA[#[output application/java
---
{
	"fullName" :  "Max Mule"
}]]]></http:query-params>
		</http:request>
	</sub-flow>
	<flow name="helloFlow" doc:id="2dfe90d3-e78a-48e9-ac46-af26f01f9777" >
		<http:listener doc:name="GET /hello" doc:id="fd67aef2-be34-4eb1-9fef-8c7cb532692e" config-ref="HTTP_Listener_config" path="/hello" allowedMethods="GET">
			<http:response reasonPhrase="Success">
				<http:headers ><![CDATA[#[output application/java
---
{
	"name" : "max"
}]]]></http:headers>
			</http:response>
		</http:listener>
		<flow-ref doc:name="Flow Reference" doc:id="6ebe4e5a-6bef-45b6-ad5d-0f5e1fff436f" name="subflow" />
		<logger level="INFO" doc:name="payload" doc:id="e4e0cb08-1732-4cee-9de6-0a04fd60841b" message='#"Message: " ++(payload default)'/>
	</flow>
	<flow name="goodbyeFlow" doc:id="16a1f05f-eccf-4c67-b371-91af579973be" >
		<http:listener doc:name="GET /goodBye" doc:id="edfe138d-d473-4754-8ff6-484fa1ba45af" config-ref="HTTP_Listener_config" path="/goodBye" allowedMethods="GET" />
		<set-payload value="#[upper('Goodbye') ++attributes.]" doc:name="Goodbye" doc:id="5434399e-3cb6-458e-81f7-625050714114" />
		<logger level="INFO" doc:name="payload" doc:id="05847147-6c20-43a7-9e1f-f63e6fe1920b" message="#[attributes.queryParams.firstName]" />
	</flow>
</mule>
