<?xml version="1.0" encoding="UTF-8"?>

<mule xmlns:http="http://www.mulesoft.org/schema/mule/http" xmlns:jms="http://www.mulesoft.org/schema/mule/jms"
	xmlns:os="http://www.mulesoft.org/schema/mule/os"
	xmlns:file="http://www.mulesoft.org/schema/mule/file" xmlns:db="http://www.mulesoft.org/schema/mule/db" xmlns="http://www.mulesoft.org/schema/mule/core" xmlns:doc="http://www.mulesoft.org/schema/mule/documentation" xmlns:xsi="http://www.w3.org/2001/XMLSchema-instance" xsi:schemaLocation="http://www.mulesoft.org/schema/mule/core http://www.mulesoft.org/schema/mule/core/current/mule.xsd
http://www.mulesoft.org/schema/mule/db http://www.mulesoft.org/schema/mule/db/current/mule-db.xsd
http://www.mulesoft.org/schema/mule/file http://www.mulesoft.org/schema/mule/file/current/mule-file.xsd
http://www.mulesoft.org/schema/mule/os http://www.mulesoft.org/schema/mule/os/current/mule-os.xsd
http://www.mulesoft.org/schema/mule/jms http://www.mulesoft.org/schema/mule/jms/current/mule-jms.xsd
http://www.mulesoft.org/schema/mule/http http://www.mulesoft.org/schema/mule/http/current/mule-http.xsd">
	<db:config name="Database_Config" doc:name="Database Config" doc:id="518a9852-33e6-4719-b3ba-b078a78b41f9" >
		<db:my-sql-connection host="iltdb.learn.mulesoft.com" port="3306" user="mule" password="mule" database="training" />
	</db:config>
	<jms:config name="JMS_Config" doc:name="JMS Config" doc:id="a2b875f8-ebf2-4bda-8b6b-d594d8be6320" >
		<jms:active-mq-connection />
	</jms:config>
	<flow name="syncDBAccounts" doc:id="ab6311e4-872f-4f30-aa00-9adf2f6c1b77" >
		<scheduler doc:name="Scheduler" doc:id="16a0b07e-f268-488b-be21-536987a09dca" >
			<scheduling-strategy >
				<fixed-frequency frequency="10" timeUnit="SECONDS"/>
			</scheduling-strategy>
		</scheduler>
		<os:retrieve doc:name="Retrieve" doc:id="f4ba2d66-a005-4c8a-bb38-dd21302de2b2" target="lastAccountID" key="lastAccount">
			<os:default-value ><![CDATA[0]]></os:default-value>
		</os:retrieve>
		<db:select doc:name="Accounts by postal code" doc:id="25ebf479-6567-420c-ab84-ce8340ba3dd7" config-ref="Database_Config">
			<db:sql ><![CDATA[SELECT * FROM accounts WHERE postal = :postal AND accountID > :lastAccountID]]></db:sql>
			<db:input-parameters ><![CDATA[#[{ postal: '65632', lastAccountID: vars.lastAccountID}]]]></db:input-parameters>
		</db:select>
		<choice doc:name="Choice" doc:id="93925a3a-5ae5-4625-8e82-1348dde154a4" >
			<when >
				<os:store doc:name="Store" doc:id="b292d967-cba3-43c5-b2d9-af59d874d1e8" key="lastAccountID">
			<os:value><![CDATA[#[max(payload.*accountID)]]]></os:value>
		</os:store>
				<file:write doc:name="DBAccountsPostal.csv" doc:id="aa94e2b2-78b4-43d5-9d41-b95a277ed8c0" path="C:\MuleSoft 4 Training Feb 9 - 11, 2022\APDevMule443.4.4_studentFiles_05oct2021\APDevMule443.4.4_studentFiles_05oct2021\resources\output" mode="APPEND">
			<file:content><![CDATA[output application/csv header=false --- payload]]></file:content>
		</file:write>
				<jms:publish doc:name="Publish" doc:id="6e389aec-9e0c-4194-97d7-c2b3d193294e" config-ref="JMS_Config" destination="accountIQ">
					<jms:message >
						<jms:body ><![CDATA[#[output application/json --- payload]]]></jms:body>
					</jms:message>
				</jms:publish>
				<logger level="INFO" doc:name="CSV payload" doc:id="b0a7da5f-a9e1-4457-ba2d-cc4f4eb440bf" message="#[output application/csv header=false --- payload]" />
			</when>
			<otherwise >
				<logger level="INFO" doc:name="No records found" doc:id="1069ce84-753c-43db-b427-4d26566471db" message="No records found"/>
			</otherwise>
		</choice>
	</flow>
</mule>
