<?xml version="1.0" encoding="UTF-8"?>

<mule xmlns:ee="http://www.mulesoft.org/schema/mule/ee/core" xmlns:db="http://www.mulesoft.org/schema/mule/db"
	xmlns:http="http://www.mulesoft.org/schema/mule/http"
	xmlns="http://www.mulesoft.org/schema/mule/core" xmlns:doc="http://www.mulesoft.org/schema/mule/documentation" xmlns:xsi="http://www.w3.org/2001/XMLSchema-instance" xsi:schemaLocation="http://www.mulesoft.org/schema/mule/core http://www.mulesoft.org/schema/mule/core/current/mule.xsd
http://www.mulesoft.org/schema/mule/http http://www.mulesoft.org/schema/mule/http/current/mule-http.xsd
http://www.mulesoft.org/schema/mule/db http://www.mulesoft.org/schema/mule/db/current/mule-db.xsd
http://www.mulesoft.org/schema/mule/ee/core http://www.mulesoft.org/schema/mule/ee/core/current/mule-ee.xsd">
	<http:listener-config name="HTTP_Listener_config" doc:name="HTTP Listener config" doc:id="6953a259-b189-4448-83da-a581d6410a39" >
		<http:listener-connection host="0.0.0.0" port="8081" />
	</http:listener-config>
	<db:config name="Database_Config" doc:name="Database Config" doc:id="63cc0fb6-1c27-4269-8c54-af24da0bbeb7" >
		<db:my-sql-connection host="mudb.learn.mulesoft.com" port="3306" user="mule" password="mule" database="training" />
	</db:config>
	<flow name="getFlights" doc:id="70113d98-c501-4938-89b6-811d7fc5f8ab" >
		<db:select doc:name="Select" doc:id="4040a2ae-de3d-41ce-bc57-f8e545db6fb4" config-ref="Database_Config">
			<db:sql ><![CDATA[SELECT *
FROM american
]]></db:sql>
		</db:select>
		<ee:transform doc:name="Transform Message" doc:id="32941a11-4ee7-4189-ae61-721bdf104f5a" >
			<ee:message >
				<ee:set-payload ><![CDATA[%dw 2.0
output application/json
---
payload map ( payload01 , indexOfPayload01 ) -> {
	ID: payload01.ID,
	code: (payload01.code1 default "") ++ (payload01.code2 default ""),
	price: payload01.price default 0,
	departureDate: payload01.takeOffDate as String default "",
	origin: payload01.fromAirport default "",
	destination: payload01.toAirport default "",
	emptySeats: payload01.seatsAvailable default 0,
	plane: {
		"type": payload01.planeType default "",
		totalSeats: payload01.totalSeats default 0
	}
}]]></ee:set-payload>
			</ee:message>
		</ee:transform>
	</flow>
	<flow name="getFlightsByID" doc:id="67cbd7af-2cbd-495d-b696-2decbed13f8b" >
		<db:select doc:name="Copy_of_Select" doc:id="8a9f8036-56bc-4686-bd35-8ba65dbe2a9e" config-ref="Database_Config" >
			<db:sql ><![CDATA[SELECT *
FROM american
WHERE ID = :ID]]></db:sql>
			<db:input-parameters ><![CDATA[#[{'ID' : attributes.uriParams.ID}]]]></db:input-parameters>
		</db:select>
		<ee:transform doc:name="Copy_of_Transform Message" doc:id="a6429f41-d01f-451d-bb20-8005d7aac7ab" >
			<ee:message >
				<ee:set-payload ><![CDATA[%dw 2.0
output application/json
---
payload map ( payload01 , indexOfPayload01 ) -> {
	ID: payload01.ID,
	code: (payload01.code1 default "") ++ (payload01.code2 default ""),
	price: payload01.price default 0,
	departureDate: payload01.takeOffDate as String default "",
	origin: payload01.fromAirport default "",
	destination: payload01.toAirport default "",
	emptySeats: payload01.seatsAvailable default 0,
	plane: {
		"type": payload01.planeType default "",
		totalSeats: payload01.totalSeats default 0
	}
}]]></ee:set-payload>
			</ee:message>
		</ee:transform>
	</flow>
	<flow name="postFlight" doc:id="b24b2053-b82a-4896-af9a-fd93df569208" >
		<set-payload value='{"message": "Flight added (but not really)"}' doc:name="Set Payload" doc:id="774261aa-82b4-4c6a-8fac-2f6a94df111c" />
	</flow>
</mule>
