<?xml version="1.0" encoding="UTF-8"?>

<mule xmlns:file="http://www.mulesoft.org/schema/mule/file" xmlns="http://www.mulesoft.org/schema/mule/core"
	xmlns:doc="http://www.mulesoft.org/schema/mule/documentation"
	xmlns:xsi="http://www.w3.org/2001/XMLSchema-instance" xsi:schemaLocation="http://www.mulesoft.org/schema/mule/core http://www.mulesoft.org/schema/mule/core/current/mule.xsd
http://www.mulesoft.org/schema/mule/file http://www.mulesoft.org/schema/mule/file/current/mule-file.xsd">
	<file:config name="File_Config" doc:name="File Config" doc:id="85bc4691-675b-4815-9926-f2cbcfa4e162" >
		<file:connection workingDir="C:\Windows\demo\input" />
	</file:config>
	<flow name="demo-29sept2019-1Flow" doc:id="0e158c87-6b55-4779-8cff-d94b86ebd10b" >
		<file:listener doc:name="FileProcessingFlow" doc:id="3792c00e-fc9a-43d3-8fbd-54a170fd5e9f" config-ref="File_Config" directory="C:\demo\input" moveToDirectory="C:\demo\output">
			<scheduling-strategy >
				<fixed-frequency frequency="5" timeUnit="SECONDS"/>
			</scheduling-strategy>
		</file:listener>
		<logger level="INFO" doc:name="Logger" doc:id="c1a0e32b-4585-49c9-9e6b-4f2076ffaf49" message="#[payload]"/>
	</flow>
</mule>
