<?xml version="1.0" encoding="UTF-8"?>

<mule xmlns:http="http://www.mulesoft.org/schema/mule/http" xmlns="http://www.mulesoft.org/schema/mule/core"
	xmlns:doc="http://www.mulesoft.org/schema/mule/documentation"
	xmlns:xsi="http://www.w3.org/2001/XMLSchema-instance" xsi:schemaLocation="http://www.mulesoft.org/schema/mule/core http://www.mulesoft.org/schema/mule/core/current/mule.xsd
http://www.mulesoft.org/schema/mule/http http://www.mulesoft.org/schema/mule/http/current/mule-http.xsd">
	<http:listener-config name="HTTP_Listener_config" doc:name="HTTP Listener config" doc:id="afa74928-9b25-4941-ac11-7eb860700128" >
		<http:listener-connection host="0.0.0.0" port="8083" />
	</http:listener-config>
	<flow name="HelloWorldFlow" doc:id="6d4c53e1-e984-426a-8ffa-56f7906a4fa1" >
		<http:listener doc:name="/GET helloworld" doc:id="88525fce-a7a7-497f-8172-23b3e16346d3" config-ref="HTTP_Listener_config" path="/helloworld"/>
		<logger level="INFO" doc:name="Logger" doc:id="1ecefc92-4f24-45a5-a1b2-b5791aa15eb2" message="*Demo 20Sep-1 got invoked **" />
		<set-variable value="10" doc:name="Set Variable" doc:id="1b7c0b32-9a84-4abf-8dae-db5f5811a51b" variableName="var1"/>
		<logger level="INFO" doc:name="Logger" doc:id="de3b861b-e0d1-42fe-909a-fc1aff6ea77e" message="This is second logger step"/>
	</flow>
</mule>
